feature,coefficient,importance
num__act_ccss_n_statC,-1.7358303820737262,1.7358303820737262
num__app_number_of_children,-0.7280584472658935,0.7280584472658935
num__act_cc,0.5371081563406367,0.5371081563406367
cat__app_char_job_code_Retired,-0.4526886019389642,0.4526886019389642
num__act_age,-0.42838487789842056,0.42838487789842056
cat__app_char_gender_Male,0.2687498515372855,0.2687498515372855
cat__app_char_marital_status_Divorced,0.1805959330741677,0.1805959330741677
num__act_ccss_utl,-0.1707418424924252,0.1707418424924252
num__eng_act_cc_to_income,0.1561218410634159,0.1561218410634159
num__agr12_Mean_CMaxC_Due,0.11839291687275269,0.11839291687275269
num__agr6_Min_CMaxA_Due,0.11837874421763692,0.11837874421763692
num__act_ccss_n_loans_act,-0.11741021863650555,0.11741021863650555
cat__app_char_city_Big,0.11739565697923696,0.11739565697923696
num__act_cins_min_seniority,0.09906531091096518,0.09906531091096518
num__agr9_Mean_CMaxC_Due,0.08928300559485751,0.08928300559485751
num__act_ccss_dueutl,0.08556203018229332,0.08556203018229332
num__ags12_Mean_CMaxC_Due,0.08170959472340046,0.08170959472340046
num__act_ccss_n_statB,0.07947289000799385,0.07947289000799385
num__app_spendings,0.07259715237354031,0.07259715237354031
num__missingindicator_agr6_Min_CMaxA_Due,0.07063296380490107,0.07063296380490107
num__act_cins_min_lninst,-0.06829686938656658,0.06829686938656658
num__ags12_Max_CMaxC_Days,-0.06744298023983594,0.06744298023983594
num__agr6_Mean_CMaxC_Due,0.06019587717466983,0.06019587717466983
num__agr3_Mean_CMaxC_Due,0.05849209449897541,0.05849209449897541
num__ags6_Min_CMaxA_Due,0.05817381039391142,0.05817381039391142
num__ags12_Min_CMaxA_Days,-0.05547913159104029,0.05547913159104029
num__act_cins_min_pninst,0.04487858712639883,0.04487858712639883
num__agr12_Min_CMaxC_Days,-0.04451162380280324,0.04451162380280324
num__missingindicator_agr12_Mean_CMaxC_Due,-0.043246649320853515,0.043246649320853515
num__missingindicator_agr9_Mean_CMaxA_Days,0.04317564302129096,0.04317564302129096
num__act_cins_n_loans_act,-0.041652266013752576,0.041652266013752576
num__act_cins_maxdue,0.04018770087235933,0.04018770087235933
num__ags9_Min_CMaxI_Due,0.036373962414354484,0.036373962414354484
num__missingindicator_agr3_Min_CMaxC_Days,0.02621745773136107,0.02621745773136107
num__agr12_Min_CMaxC_Due,-0.026122791785959047,0.026122791785959047
num__ags12_Max_CMaxI_Days,0.023988847967839382,0.023988847967839382
cat__app_char_home_status_Owner,0.02280277550039454,0.02280277550039454
num__agr12_Min_CMaxI_Days,-0.022493443895468247,0.022493443895468247
num__agr12_Mean_CMaxI_Days,-0.018511108297977724,0.018511108297977724
num__agr12_Mean_CMaxA_Due,0.016858962718236555,0.016858962718236555
num__act3_n_arrears_days,0.016728635346740177,0.016728635346740177
num__agr6_Mean_CMaxA_Due,0.01620970623682183,0.01620970623682183
num__agr12_Max_CMaxI_Days,0.0160193935544604,0.0160193935544604
num__missingindicator_agr12_Min_CMaxC_Due,-0.014983225761517217,0.014983225761517217
num__missingindicator_agr9_Max_CMaxI_Days,0.013618034032779794,0.013618034032779794
num__agr9_Max_CMaxI_Days,0.012481036584315519,0.012481036584315519
num__missingindicator_ags6_Min_CMaxI_Due,0.010054947666530043,0.010054947666530043
num__missingindicator_agr3_Mean_CMaxC_Days,0.009289134965866237,0.009289134965866237
num__missingindicator_agr6_Min_CMaxA_Days,0.008502856444012797,0.008502856444012797
num__agr9_Max_CMaxC_Due,0.008303572333911137,0.008303572333911137
num__missingindicator_ags3_Mean_CMaxI_Days,0.008247606005318864,0.008247606005318864
num__missingindicator_agr9_Max_CMaxA_Days,0.0057077778605652925,0.0057077778605652925
num__act12_n_arrears_days,-0.005654930950944363,0.005654930950944363
num__missingindicator_ags3_Max_CMaxI_Days,0.005395684856913532,0.005395684856913532
num__agr12_Max_CMaxC_Days,-0.005011112816186446,0.005011112816186446
num__missingindicator_ags3_Min_CMaxI_Days,0.004984980124198184,0.004984980124198184
num__missingindicator_agr9_Min_CMaxA_Days,0.004948927733851759,0.004948927733851759
num__missingindicator_agr6_Mean_CMaxA_Due,0.004638806414869657,0.004638806414869657
num__missingindicator_agr3_Max_CMaxC_Days,0.00407713320675274,0.00407713320675274
num__ags12_Mean_CMaxA_Days,-0.0028843160774008696,0.0028843160774008696
num__missingindicator_act_ccss_seniority,-0.00177815006046953,0.00177815006046953
num__missingindicator_ags6_Max_CMaxI_Days,0.0014352695112632712,0.0014352695112632712
num__missingindicator_agr6_Max_CMaxA_Due,0.0009909457773699352,0.0009909457773699352
num__missingindicator_ags6_Mean_CMaxI_Days,0.0009076007991297066,0.0009076007991297066
num__missingindicator_agr12_Max_CMaxC_Due,-0.0005457148574781528,0.0005457148574781528
num__missingindicator_act_ccss_n_statC,-0.00025505373628256306,0.00025505373628256306
num__missingindicator_act_ccss_n_loans_hist,-5.995787769799647e-05,5.995787769799647e-05
num__missingindicator_act_ccss_min_seniority,-3.857110450476135e-05,3.857110450476135e-05
num__ags12_Max_CMaxC_Due,2.500409770820224e-05,2.500409770820224e-05
num__missingindicator_agr6_Max_CMaxA_Days,1.799934257855609e-05,1.799934257855609e-05
num__missingindicator_agr9_Mean_CMaxI_Days,1.279364057498921e-05,1.279364057498921e-05
num__missingindicator_ags6_Min_CMaxI_Days,6.001336253613565e-06,6.001336253613565e-06
num__missingindicator_agr6_Mean_CMaxA_Days,5.836375965442659e-06,5.836375965442659e-06
num__missingindicator_agr9_Min_CMaxC_Due,0.0,0.0
num__missingindicator_ags12_Max_CMaxC_Due,0.0,0.0
num__missingindicator_ags3_Mean_CMaxI_Due,0.0,0.0
num__missingindicator_ags12_Min_CMaxC_Days,0.0,0.0
num__missingindicator_agr3_Mean_CMaxI_Due,0.0,0.0
num__missingindicator_ags12_Mean_CMaxC_Due,0.0,0.0
num__missingindicator_ags12_Min_CMaxC_Due,0.0,0.0
num__missingindicator_ags3_Max_CMaxI_Due,0.0,0.0
num__missingindicator_agr12_Mean_CMaxA_Days,0.0,0.0
num__missingindicator_agr3_Min_CMaxI_Days,0.0,0.0
num__missingindicator_agr12_Max_CMaxA_Days,0.0,0.0
num__missingindicator_agr3_Max_CMaxI_Days,0.0,0.0
num__missingindicator_agr12_Min_CMaxA_Days,0.0,0.0
num__missingindicator_agr3_Max_CMaxI_Due,0.0,0.0
num__missingindicator_agr3_Min_CMaxI_Due,0.0,0.0
num__missingindicator_act_ccss_cc,0.0,0.0
num__missingindicator_ags3_Min_CMaxI_Due,0.0,0.0
num__missingindicator_agr12_Min_CMaxC_Days,0.0,0.0
num__missingindicator_ags3_Mean_CMaxC_Days,0.0,0.0
num__missingindicator_ags12_Max_CMaxC_Days,0.0,0.0
num__missingindicator_ags3_Max_CMaxC_Days,0.0,0.0
num__missingindicator_agr12_Max_CMaxC_Days,0.0,0.0
num__missingindicator_ags3_Min_CMaxC_Days,0.0,0.0
num__missingindicator_agr3_Mean_CMaxC_Due,0.0,0.0
num__missingindicator_ags3_Mean_CMaxC_Due,0.0,0.0
num__missingindicator_agr3_Max_CMaxC_Due,0.0,0.0
num__missingindicator_ags3_Max_CMaxC_Due,0.0,0.0
