model,business_group,raw_feature,coefficient_abs_sum,signed_coefficient_sum,max_abs_coefficient,positive_abs_sum,negative_abs_sum,nonzero_terms,importance_share,dominant_direction
pooled,Current cash-loan behaviour,act_ccss_n_statC,1.210650444417911,-1.210650444417911,1.210650444417911,0.0,1.210650444417911,1,0.11076180133532244,mostly decreases PD
pooled,Current call-loan behaviour,act_call_cc,0.8855410007735773,0.8855410007735773,0.8855410007735773,0.8855410007735773,0.0,1,0.08101770156217562,mostly increases PD
pooled,Application affordability,app_number_of_children,0.6252916790950435,-0.6252916790950435,0.6252916790950435,0.0,0.6252916790950435,1,0.0572076217837225,mostly decreases PD
pooled,Current customer state,act_age,0.5866359575977139,-0.5866359575977139,0.5866359575977139,0.0,0.5866359575977139,1,0.0536710292315929,mostly decreases PD
pooled,Current instalment-loan behaviour,act_cins_n_loan,0.5132559351217917,-0.5132559351217917,0.5132559351217917,0.0,0.5132559351217917,1,0.046957527816766716,mostly decreases PD
pooled,Application profile,app_char_city,0.4634612016448008,-0.4634612016448008,0.25663505653102187,0.0,0.4634612016448008,3,0.04240183265111912,mostly decreases PD
pooled,Application profile,app_char_gender,0.3885277624536931,0.3885277624536931,0.3885277624536931,0.3885277624536931,0.0,1,0.03554620992093582,mostly increases PD
pooled,Current instalment-loan behaviour,act_cins_min_seniority,0.29238760189031004,-0.29238760189031004,0.29238760189031004,0.0,0.29238760189031004,1,0.026750394899542604,mostly decreases PD
pooled,Application profile,app_char_home_status,0.2918329508712678,-0.2918329508712678,0.2918329508712678,0.0,0.2918329508712678,1,0.026699650156280952,mostly decreases PD
pooled,Historical arrears behaviour,agr6_Mean_CMaxA_Due,0.25305606009937154,0.25305606009937154,0.25305606009937154,0.25305606009937154,0.0,1,0.023151971888056025,mostly increases PD
pooled,Current cash-loan behaviour,act_ccss_min_lninst,0.24297261158403963,0.24297261158403963,0.24297261158403963,0.24297261158403963,0.0,1,0.0222294422459287,mostly increases PD
pooled,Current cash-loan behaviour,act_ccss_n_statB,0.2331106419407397,0.2331106419407397,0.2331106419407397,0.2331106419407397,0.0,1,0.021327175594606923,mostly increases PD
pooled,Historical arrears behaviour,ags12_Min_CMaxA_Days,0.2276330349986134,-0.2276330349986134,0.2276330349986134,0.0,0.2276330349986134,1,0.020826032085583153,mostly decreases PD
pooled,Application profile,app_char_marital_status,0.22298239563579283,-0.21506787301557004,0.21902513432568144,0.003957261310111397,0.21902513432568144,2,0.0204005474251991,mostly decreases PD
pooled,Other,act3_n_arrears_days,0.19894221541576998,0.19894221541576998,0.19894221541576998,0.19894221541576998,0.0,1,0.01820112340658753,mostly increases PD
pooled,Current instalment-loan behaviour,act_cins_min_pninst,0.19711254382163304,0.19711254382163304,0.19711254382163304,0.19711254382163304,0.0,1,0.01803372767105289,mostly increases PD
pooled,Application affordability,app_income,0.1782335493735898,0.1782335493735898,0.1782335493735898,0.1782335493735898,0.0,1,0.01630649794747217,mostly increases PD
pooled,Historical arrears behaviour,agr6_Min_CMaxA_Due,0.1754327203956335,0.1754327203956335,0.1754327203956335,0.1754327203956335,0.0,1,0.016050251510475434,mostly increases PD
pooled,Current cash-loan behaviour,act_ccss_cc,0.17090760885631606,-0.17090760885631606,0.17090760885631606,0.0,0.17090760885631606,1,0.015636251327640627,mostly decreases PD
pooled,Historical arrears behaviour,ags3_Mean_CMaxC_Days,0.16676032104040298,0.16676032104040298,0.16676032104040298,0.16676032104040298,0.0,1,0.01525681804756825,mostly increases PD
pooled,Historical arrears behaviour,ags3_Mean_CMaxA_Days,0.15552368329563748,-0.15552368329563748,0.15552368329563748,0.0,0.15552368329563748,1,0.014228783701815286,mostly decreases PD
pooled,Historical arrears behaviour,ags3_Max_CMaxA_Days,0.14710557131143867,-0.14710557131143867,0.14710557131143867,0.0,0.14710557131143867,1,0.013458614862815164,mostly decreases PD
pooled,Historical arrears behaviour,ags6_Mean_CMaxC_Due,0.1441022059431537,0.1441022059431537,0.1441022059431537,0.1441022059431537,0.0,1,0.013183838473153561,mostly increases PD
pooled,Other,act12_n_arrears_days,0.13923495799815178,-0.13923495799815178,0.13923495799815178,0.0,0.13923495799815178,1,0.012738536402337188,mostly decreases PD
pooled,Current instalment-loan behaviour,act_cins_utl,0.13523857264471303,-0.13523857264471303,0.13523857264471303,0.0,0.13523857264471303,1,0.012372909112793836,mostly decreases PD
pooled,Current cash-loan behaviour,act_ccss_dueutl,0.12881876361369518,0.12881876361369518,0.12881876361369518,0.12881876361369518,0.0,1,0.011785564007703492,mostly increases PD
pooled,Current instalment-loan behaviour,act_cins_maxdue,0.12585133511672,0.12585133511672,0.12585133511672,0.12585133511672,0.0,1,0.011514075464355402,mostly increases PD
pooled,Historical arrears behaviour,agr12_Min_CMaxI_Days,0.10949332407118194,-0.10949332407118194,0.10949332407118194,0.0,0.10949332407118194,1,0.010017489246573898,mostly decreases PD
pooled,Historical arrears behaviour,ags12_Max_CMaxI_Days,0.10447600729710625,0.10447600729710625,0.10447600729710625,0.10447600729710625,0.0,1,0.009558457453929779,mostly increases PD
pooled,Historical arrears behaviour,ags12_Min_CMaxI_Days,0.10333320132511457,0.10333320132511457,0.10333320132511457,0.10333320132511457,0.0,1,0.009453902709314439,mostly increases PD
pooled,Historical arrears behaviour,agr6_Mean_CMaxA_Days,0.10252252655593384,0.10252252655593384,0.10252252655593384,0.10252252655593384,0.0,1,0.009379734481693025,mostly increases PD
pooled,Historical arrears behaviour,ags12_Max_CMaxA_Due,0.0952714933063302,0.0952714933063302,0.0952714933063302,0.0952714933063302,0.0,1,0.008716341090172344,mostly increases PD
pooled,Application profile,app_char_cars,0.09166723788887371,0.09166723788887371,0.09166723788887371,0.09166723788887371,0.0,1,0.008386589571597535,mostly increases PD
pooled,Current cash-loan behaviour,act_ccss_seniority,0.08530506365354995,-0.08530506365354995,0.08530506365354995,0.0,0.08530506365354995,1,0.007804517445028866,mostly decreases PD
pooled,Application affordability,app_n_installments,0.08360514641919721,0.08360514641919721,0.08360514641919721,0.08360514641919721,0.0,1,0.007648992870725836,mostly increases PD
pooled,Current instalment-loan behaviour,act_cins_n_loans_act,0.08239213014255686,0.08239213014255686,0.08239213014255686,0.08239213014255686,0.0,1,0.007538014620588283,mostly increases PD
pooled,Historical arrears behaviour,ags12_Mean_CMaxI_Due,0.08225270245138007,0.08225270245138007,0.08225270245138007,0.08225270245138007,0.0,1,0.007525258451124197,mostly increases PD
pooled,Historical arrears behaviour,ags12_Mean_CMaxC_Days,0.07910951362893197,-0.07910951362893197,0.07910951362893197,0.0,0.07910951362893197,1,0.007237689683841587,mostly decreases PD
pooled,Current cash-loan behaviour,act_ccss_min_seniority,0.07537027865590357,-0.07537027865590357,0.07537027865590357,0.0,0.07537027865590357,1,0.006895588953495929,mostly decreases PD
pooled,Current customer state,act_loaninc,0.07002437750874914,-0.07002437750874914,0.07002437750874914,0.0,0.07002437750874914,1,0.006406495141529349,mostly decreases PD
pooled,Other,act3_n_good_days,0.06801344407563546,0.06801344407563546,0.06801344407563546,0.06801344407563546,0.0,1,0.0062225158513518385,mostly increases PD
pooled,Current cash-loan behaviour,act_ccss_min_pninst,0.061836672833719866,0.061836672833719866,0.061836672833719866,0.061836672833719866,0.0,1,0.005657406151565843,mostly increases PD
pooled,Historical arrears behaviour,ags3_Mean_CMaxC_Due,0.05807620780697322,-0.05807620780697322,0.05807620780697322,0.0,0.05807620780697322,1,0.005313363094264357,mostly decreases PD
pooled,Current credit-card behaviour,act_cc,0.05799525064171922,0.05799525064171922,0.05799525064171922,0.05799525064171922,0.0,1,0.0053059563638609775,mostly increases PD
pooled,Historical arrears behaviour,agr3_Min_CMaxI_Days,0.0562563850973179,0.0562563850973179,0.0562563850973179,0.0562563850973179,0.0,1,0.0051468684282261635,mostly increases PD
pooled,Historical arrears behaviour,agr12_Mean_CMaxC_Days,0.055858109514465765,-0.055858109514465765,0.055858109514465765,0.0,0.055858109514465765,1,0.005110430395111007,mostly decreases PD
pooled,Historical arrears behaviour,agr6_Mean_CMaxI_Due,0.05530249546652711,-0.05530249546652711,0.05530249546652711,0.0,0.05530249546652711,1,0.005059597544819126,mostly decreases PD
pooled,Historical arrears behaviour,agr12_Mean_CMaxI_Days,0.05371163073322942,-0.05371163073322942,0.05371163073322942,0.0,0.05371163073322942,1,0.004914050129086246,mostly decreases PD
pooled,Historical arrears behaviour,ags9_Min_CMaxI_Due,0.05184632257107797,-0.05184632257107797,0.05184632257107797,0.0,0.05184632257107797,1,0.004743394021835807,mostly decreases PD
pooled,Historical arrears behaviour,agr12_Max_CMaxA_Due,0.05042082718319414,0.05042082718319414,0.05042082718319414,0.05042082718319414,0.0,1,0.004612976164488783,mostly increases PD
pooled,Historical arrears behaviour,agr3_Min_CMaxA_Due,0.048757974996369836,0.048757974996369836,0.048757974996369836,0.048757974996369836,0.0,1,0.00446084265277509,mostly increases PD
pooled,Historical arrears behaviour,ags3_Max_CMaxI_Due,0.04524669904009684,-0.04524669904009684,0.04524669904009684,0.0,0.04524669904009684,1,0.004139597778422281,mostly decreases PD
pooled,Current instalment-loan behaviour,act_cins_n_statC,0.04491167978780988,-0.04491167978780988,0.04491167978780988,0.0,0.04491167978780988,1,0.004108947035231783,mostly decreases PD
pooled,Current instalment-loan behaviour,act_cins_n_statB,0.04368361547064604,-0.04368361547064604,0.04368361547064604,0.0,0.04368361547064604,1,0.003996592047421819,mostly decreases PD
pooled,Historical arrears behaviour,agr6_Max_CMaxC_Days,0.04296847972030111,-0.04296847972030111,0.04296847972030111,0.0,0.04296847972030111,1,0.0039311646366669535,mostly decreases PD
pooled,Historical arrears behaviour,agr12_Min_CMaxA_Due,0.04148012253275037,-0.04148012253275037,0.04148012253275037,0.0,0.04148012253275037,1,0.0037949955848290747,mostly decreases PD
pooled,Historical arrears behaviour,ags9_Max_CMaxI_Days,0.03975557289585664,-0.03975557289585664,0.03975557289585664,0.0,0.03975557289585664,1,0.003637217404384622,mostly decreases PD
pooled,Historical arrears behaviour,agr12_Max_CMaxI_Days,0.03958629295206668,0.03958629295206668,0.03958629295206668,0.03958629295206668,0.0,1,0.003621730067316709,mostly increases PD
pooled,Historical arrears behaviour,agr12_Mean_CMaxA_Days,0.037268271898177226,-0.037268271898177226,0.037268271898177226,0.0,0.037268271898177226,1,0.003409655484892181,mostly decreases PD
pooled,Application affordability,app_installment,0.03678716576734443,-0.03678716576734443,0.03678716576734443,0.0,0.03678716576734443,1,0.003365639326528542,mostly decreases PD
pooled,Historical arrears behaviour,ags6_Max_CMaxI_Days,0.03646607783906867,-0.03646607783906867,0.03646607783906867,0.0,0.03646607783906867,1,0.003336263153177407,mostly decreases PD
pooled,Historical arrears behaviour,agr6_Mean_CMaxC_Days,0.03410880000356999,0.03410880000356999,0.03410880000356999,0.03410880000356999,0.0,1,0.0031205969875128825,mostly increases PD
pooled,Historical arrears behaviour,agr12_Max_CMaxI_Due,0.027532394570494095,0.027532394570494095,0.027532394570494095,0.027532394570494095,0.0,1,0.0025189249562197254,mostly increases PD
pooled,Historical arrears behaviour,ags6_Mean_CMaxI_Due,0.025532701246076966,0.025532701246076966,0.025532701246076966,0.025532701246076966,0.0,1,0.0023359740179436034,mostly increases PD
pooled,Historical arrears behaviour,ags12_Min_CMaxA_Due,0.024641662795630435,-0.024641662795630435,0.024641662795630435,0.0,0.024641662795630435,1,0.002254453357470923,mostly decreases PD
pooled,Historical arrears behaviour,ags6_Mean_CMaxI_Days,0.02376233192714096,0.02376233192714096,0.02376233192714096,0.02376233192714096,0.0,1,0.0021740038177935337,mostly increases PD
pooled,Historical arrears behaviour,ags9_Mean_CMaxI_Days,0.0175448415829763,0.0175448415829763,0.0175448415829763,0.0175448415829763,0.0,1,0.0016051687477863822,mostly increases PD
pooled,Historical arrears behaviour,agr9_Min_CMaxA_Due,0.016584525951643538,0.016584525951643538,0.016584525951643538,0.016584525951643538,0.0,1,0.0015173099528160256,mostly increases PD
pooled,Historical arrears behaviour,agr6_Min_CMaxI_Days,0.014341015025743309,-0.014341015025743309,0.014341015025743309,0.0,0.014341015025743309,1,0.0013120522645923495,mostly decreases PD
pooled,Historical arrears behaviour,agr9_Min_CMaxC_Days,0.014315058538707926,-0.014315058538707926,0.014315058538707926,0.0,0.014315058538707926,1,0.0013096775186253102,mostly decreases PD
pooled,Historical arrears behaviour,agr6_Min_CMaxI_Due,0.012586037260472086,-0.012586037260472086,0.012586037260472086,0.0,0.012586037260472086,1,0.0011514902299595198,mostly decreases PD
pooled,Other,act12_n_good_days,0.008989669167082135,-0.008989669167082135,0.008989669167082135,0.0,0.008989669167082135,1,0.0008224603187036124,mostly decreases PD
pooled,Historical arrears behaviour,ags12_Max_CMaxA_Days,0.007426260516131404,0.007426260516131404,0.007426260516131404,0.007426260516131404,0.0,1,0.0006794248461599346,mostly increases PD
pooled,Current instalment-loan behaviour,act_cins_cc,0.006543851756508598,-0.006543851756508598,0.006543851756508598,0.0,0.006543851756508598,1,0.0005986937117680564,mostly decreases PD
pooled,Historical arrears behaviour,agr12_Min_CMaxI_Due,0.00422706183712448,0.00422706183712448,0.00422706183712448,0.00422706183712448,0.0,1,0.00038673176522131217,mostly increases PD
pooled,Historical arrears behaviour,ags3_Max_CMaxC_Days,0.00042444149140575464,0.00042444149140575464,0.00042444149140575464,0.00042444149140575464,0.0,1,3.883193895175565e-05,mostly increases PD
pooled,Current customer state,act_cus_active,0.0,0.0,0.0,0.0,0.0,0,0.0,mixed / neutral
pooled,Historical arrears behaviour,agr3_Max_CMaxC_Due,0.0,0.0,0.0,0.0,0.0,0,0.0,mixed / neutral
pooled,Historical arrears behaviour,agr6_Max_CMaxI_Days,0.0,0.0,0.0,0.0,0.0,0,0.0,mixed / neutral
pooled,Historical arrears behaviour,agr9_Max_CMaxA_Days,0.0,0.0,0.0,0.0,0.0,0,0.0,mixed / neutral
pooled,Historical arrears behaviour,agr9_Max_CMaxI_Days,0.0,0.0,0.0,0.0,0.0,0,0.0,mixed / neutral
pooled,Historical arrears behaviour,ags3_Max_CMaxI_Days,0.0,0.0,0.0,0.0,0.0,0,0.0,mixed / neutral
pooled,Historical arrears behaviour,ags9_Max_CMaxI_Due,0.0,0.0,0.0,0.0,0.0,0,0.0,mixed / neutral
pooled,Historical arrears behaviour,ags9_Mean_CMaxC_Due,0.0,0.0,0.0,0.0,0.0,0,0.0,mixed / neutral
pooled,Historical arrears behaviour,ags9_Min_CMaxI_Days,0.0,0.0,0.0,0.0,0.0,0,0.0,mixed / neutral
css_submodel,Current cash-loan behaviour,act_ccss_n_statC,2.050343973078858,-2.050343973078858,2.050343973078858,0.0,2.050343973078858,1,0.1695825458286026,mostly decreases PD
css_submodel,Application affordability,app_number_of_children,0.9503181022689011,-0.9503181022689011,0.9503181022689011,0.0,0.9503181022689011,1,0.07860015941021245,mostly decreases PD
css_submodel,Current customer state,act_age,0.8009183069616272,-0.8009183069616272,0.8009183069616272,0.0,0.8009183069616272,1,0.06624340465728437,mostly decreases PD
css_submodel,Current credit-card behaviour,act_cc,0.6541692060513598,0.6541692060513598,0.6541692060513598,0.6541692060513598,0.0,1,0.05410588702259599,mostly increases PD
css_submodel,Application profile,app_char_city,0.6429646253084138,-0.6429646253084138,0.3192883456842768,0.0,0.6429646253084138,3,0.05317916382284056,mostly decreases PD
css_submodel,Application profile,app_char_gender,0.6063345719489429,0.6063345719489429,0.6063345719489429,0.6063345719489429,0.0,1,0.0501495171956901,mostly increases PD
css_submodel,Application affordability,app_income,0.40905706356438976,0.40905706356438976,0.40905706356438976,0.40905706356438976,0.0,1,0.03383282958334803,mostly increases PD
css_submodel,Current instalment-loan behaviour,act_cins_min_seniority,0.4000041317902471,0.4000041317902471,0.4000041317902471,0.4000041317902471,0.0,1,0.033084067796238514,mostly increases PD
css_submodel,Application profile,app_char_home_status,0.3583978049434344,-0.3583978049434344,0.3583978049434344,0.0,0.3583978049434344,1,0.029642836996967122,mostly decreases PD
css_submodel,Historical arrears behaviour,agr6_Mean_CMaxA_Due,0.32564339310488793,0.32564339310488793,0.32564339310488793,0.32564339310488793,0.0,1,0.026933742025766604,mostly increases PD
css_submodel,Application profile,app_char_marital_status,0.3201924644631511,-0.3201924644631511,0.316594902923137,0.0,0.3201924644631511,2,0.026482899450894788,mostly decreases PD
css_submodel,Current cash-loan behaviour,act_ccss_min_lninst,0.2805595016725672,0.2805595016725672,0.2805595016725672,0.2805595016725672,0.0,1,0.023204884241249283,mostly increases PD
css_submodel,Current call-loan behaviour,act_call_cc,0.2641397358053186,0.2641397358053186,0.2641397358053186,0.2641397358053186,0.0,1,0.021846816651499297,mostly increases PD
css_submodel,Current cash-loan behaviour,act_ccss_n_statB,0.24648310578089389,0.24648310578089389,0.24648310578089389,0.24648310578089389,0.0,1,0.020386448874379726,mostly increases PD
css_submodel,Historical arrears behaviour,agr6_Min_CMaxA_Due,0.24620236421021138,0.24620236421021138,0.24620236421021138,0.24620236421021138,0.0,1,0.020363228931335353,mostly increases PD
css_submodel,Current customer state,act_loaninc,0.2032072308936756,0.2032072308936756,0.2032072308936756,0.2032072308936756,0.0,1,0.016807130900081804,mostly increases PD
css_submodel,Other,act3_n_arrears_days,0.1980108328827568,0.1980108328827568,0.1980108328827568,0.1980108328827568,0.0,1,0.016377340379368818,mostly increases PD
css_submodel,Historical arrears behaviour,ags12_Min_CMaxA_Days,0.18524151302935069,-0.18524151302935069,0.18524151302935069,0.0,0.18524151302935069,1,0.0153211986794039,mostly decreases PD
css_submodel,Current cash-loan behaviour,act_ccss_min_seniority,0.1823612391455816,0.1823612391455816,0.1823612391455816,0.1823612391455816,0.0,1,0.015082973199042313,mostly increases PD
css_submodel,Application profile,app_char_cars,0.1616077014005877,0.1616077014005877,0.1616077014005877,0.1616077014005877,0.0,1,0.013366462305281804,mostly increases PD
css_submodel,Historical arrears behaviour,agr12_Min_CMaxI_Days,0.1543008916174078,-0.1543008916174078,0.1543008916174078,0.0,0.1543008916174078,1,0.012762121072207479,mostly decreases PD
css_submodel,Other,act12_n_arrears_days,0.14900512332865926,-0.14900512332865926,0.14900512332865926,0.0,0.14900512332865926,1,0.012324111703869253,mostly decreases PD
css_submodel,Historical arrears behaviour,ags3_Max_CMaxA_Days,0.1441954017842593,-0.1441954017842593,0.1441954017842593,0.0,0.1441954017842593,1,0.011926302928885402,mostly decreases PD
css_submodel,Historical arrears behaviour,ags12_Min_CMaxI_Days,0.13352946696030868,0.13352946696030868,0.13352946696030868,0.13352946696030868,0.0,1,0.01104413076419666,mostly increases PD
css_submodel,Historical arrears behaviour,ags12_Max_CMaxA_Due,0.1263990211531603,0.1263990211531603,0.1263990211531603,0.1263990211531603,0.0,1,0.010454376474796457,mostly increases PD
css_submodel,Current instalment-loan behaviour,act_cins_utl,0.11851695456917434,0.11851695456917434,0.11851695456917434,0.11851695456917434,0.0,1,0.009802456145693958,mostly increases PD
css_submodel,Historical arrears behaviour,agr6_Mean_CMaxA_Days,0.11145187202163118,0.11145187202163118,0.11145187202163118,0.11145187202163118,0.0,1,0.009218108006731464,mostly increases PD
css_submodel,Current instalment-loan behaviour,act_cins_maxdue,0.10623104216085323,0.10623104216085323,0.10623104216085323,0.10623104216085323,0.0,1,0.008786296744448857,mostly increases PD
css_submodel,Historical arrears behaviour,ags9_Mean_CMaxI_Days,0.09621404042747765,-0.09621404042747765,0.09621404042747765,0.0,0.09621404042747765,1,0.007957797391257635,mostly decreases PD
css_submodel,Historical arrears behaviour,ags3_Max_CMaxI_Days,0.08502608188260888,0.08502608188260888,0.08502608188260888,0.08502608188260888,0.0,1,0.007032449002121397,mostly increases PD
css_submodel,Historical arrears behaviour,agr9_Max_CMaxI_Days,0.08097778438589323,0.08097778438589323,0.08097778438589323,0.08097778438589323,0.0,1,0.006697617088657776,mostly increases PD
css_submodel,Current cash-loan behaviour,act_ccss_seniority,0.08066024055541592,-0.08066024055541592,0.08066024055541592,0.0,0.08066024055541592,1,0.006671353255909924,mostly decreases PD
css_submodel,Historical arrears behaviour,ags12_Max_CMaxI_Days,0.07612088757980093,0.07612088757980093,0.07612088757980093,0.07612088757980093,0.0,1,0.006295906480087482,mostly increases PD
css_submodel,Historical arrears behaviour,ags9_Mean_CMaxC_Due,0.07525737750842458,0.07525737750842458,0.07525737750842458,0.07525737750842458,0.0,1,0.00622448615346163,mostly increases PD
css_submodel,Current instalment-loan behaviour,act_cins_n_loans_act,0.06891216004673754,-0.06891216004673754,0.06891216004673754,0.0,0.06891216004673754,1,0.005699677562748346,mostly decreases PD
css_submodel,Historical arrears behaviour,agr12_Min_CMaxA_Due,0.06834551110271274,-0.06834551110271274,0.06834551110271274,0.0,0.06834551110271274,1,0.00565281041665943,mostly decreases PD
css_submodel,Historical arrears behaviour,ags12_Max_CMaxA_Days,0.0645101786173343,-0.0645101786173343,0.0645101786173343,0.0,0.0645101786173343,1,0.005335592693433726,mostly decreases PD
css_submodel,Current cash-loan behaviour,act_ccss_dueutl,0.06178206348033769,0.06178206348033769,0.06178206348033769,0.06178206348033769,0.0,1,0.005109952158811277,mostly increases PD
css_submodel,Current cash-loan behaviour,act_ccss_cc,0.061707717069767534,-0.061707717069767534,0.061707717069767534,0.0,0.061707717069767534,1,0.005103803018109401,mostly decreases PD
css_submodel,Historical arrears behaviour,agr6_Mean_CMaxI_Due,0.061425216120894396,-0.061425216120894396,0.061425216120894396,0.0,0.061425216120894396,1,0.005080437558099799,mostly decreases PD
css_submodel,Historical arrears behaviour,agr9_Min_CMaxA_Due,0.06061239427587051,0.06061239427587051,0.06061239427587051,0.06061239427587051,0.0,1,0.0050132096199615615,mostly increases PD
css_submodel,Historical arrears behaviour,agr12_Max_CMaxA_Due,0.059014486465643466,0.059014486465643466,0.059014486465643466,0.059014486465643466,0.0,1,0.004881047759310053,mostly increases PD
css_submodel,Historical arrears behaviour,ags9_Min_CMaxI_Due,0.05786698970762521,0.05786698970762521,0.05786698970762521,0.05786698970762521,0.0,1,0.004786139088321256,mostly increases PD
css_submodel,Historical arrears behaviour,ags3_Mean_CMaxC_Days,0.057749715268961194,0.057749715268961194,0.057749715268961194,0.057749715268961194,0.0,1,0.004776439399815136,mostly increases PD
css_submodel,Other,act12_n_good_days,0.057670621366966275,-0.057670621366966275,0.057670621366966275,0.0,0.057670621366966275,1,0.004769897597348853,mostly decreases PD
css_submodel,Current instalment-loan behaviour,act_cins_n_statB,0.05481760878378083,-0.05481760878378083,0.05481760878378083,0.0,0.05481760878378083,1,0.004533926880488547,mostly decreases PD
css_submodel,Current instalment-loan behaviour,act_cins_n_loan,0.04872856825803398,-0.04872856825803398,0.04872856825803398,0.0,0.04872856825803398,1,0.004030306508703267,mostly decreases PD
css_submodel,Historical arrears behaviour,agr6_Max_CMaxC_Days,0.04128137236557083,-0.04128137236557083,0.04128137236557083,0.0,0.04128137236557083,1,0.0034143540366740085,mostly decreases PD
css_submodel,Historical arrears behaviour,agr12_Mean_CMaxI_Days,0.03779111956918959,-0.03779111956918959,0.03779111956918959,0.0,0.03779111956918959,1,0.0031256776181963148,mostly decreases PD
css_submodel,Historical arrears behaviour,ags9_Min_CMaxI_Days,0.03240764142422803,0.03240764142422803,0.03240764142422803,0.03240764142422803,0.0,1,0.0026804138277190903,mostly increases PD
css_submodel,Current cash-loan behaviour,act_ccss_min_pninst,0.027987520465036084,-0.027987520465036084,0.027987520465036084,0.0,0.027987520465036084,1,0.002314828650318564,mostly decreases PD
css_submodel,Historical arrears behaviour,agr6_Mean_CMaxC_Days,0.027311672907992215,0.027311672907992215,0.027311672907992215,0.027311672907992215,0.0,1,0.0022589297617318666,mostly increases PD
css_submodel,Historical arrears behaviour,ags3_Mean_CMaxA_Days,0.025701918947487155,-0.025701918947487155,0.025701918947487155,0.0,0.025701918947487155,1,0.0021257881141037373,mostly decreases PD
css_submodel,Current instalment-loan behaviour,act_cins_cc,0.024731207913542576,-0.024731207913542576,0.024731207913542576,0.0,0.024731207913542576,1,0.0020455012692807955,mostly decreases PD
css_submodel,Historical arrears behaviour,agr12_Mean_CMaxA_Days,0.015024780063754935,0.015024780063754935,0.015024780063754935,0.015024780063754935,0.0,1,0.001242689269303595,mostly increases PD
css_submodel,Historical arrears behaviour,agr12_Mean_CMaxC_Days,0.010920439528983871,-0.010920439528983871,0.010920439528983871,0.0,0.010920439528983871,1,0.000903222074543667,mostly decreases PD
css_submodel,Historical arrears behaviour,ags6_Mean_CMaxI_Days,0.009879071924255264,-0.009879071924255264,0.009879071924255264,0.0,0.009879071924255264,1,0.0008170912731405607,mostly decreases PD
css_submodel,Historical arrears behaviour,ags9_Max_CMaxI_Due,0.009279689632905985,0.009279689632905985,0.009279689632905985,0.009279689632905985,0.0,1,0.0007675167743119767,mostly increases PD
css_submodel,Historical arrears behaviour,agr6_Max_CMaxI_Days,0.00808166522294979,0.00808166522294979,0.00808166522294979,0.00808166522294979,0.0,1,0.0006684289958354201,mostly increases PD
css_submodel,Historical arrears behaviour,ags12_Mean_CMaxC_Days,0.006187284580120763,-0.006187284580120763,0.006187284580120763,0.0,0.006187284580120763,1,0.0005117460702397862,mostly decreases PD
css_submodel,Historical arrears behaviour,agr6_Min_CMaxI_Days,0.002941111939178749,-0.002941111939178749,0.002941111939178749,0.0,0.002941111939178749,1,0.00024325735425938095,mostly decreases PD
css_submodel,Historical arrears behaviour,agr6_Min_CMaxI_Due,0.0019739581127776254,0.0019739581127776254,0.0019739581127776254,0.0019739581127776254,0.0,1,0.00016326472363619292,mostly increases PD
css_submodel,Historical arrears behaviour,ags12_Min_CMaxA_Due,0.001849837109812443,-0.001849837109812443,0.001849837109812443,0.0,0.001849837109812443,1,0.00015299876048561594,mostly decreases PD
css_submodel,Application affordability,app_installment,0.0,0.0,0.0,0.0,0.0,0,0.0,mixed / neutral
css_submodel,Application affordability,app_n_installments,0.0,0.0,0.0,0.0,0.0,0,0.0,mixed / neutral
css_submodel,Current customer state,act_cus_active,0.0,0.0,0.0,0.0,0.0,0,0.0,mixed / neutral
css_submodel,Current instalment-loan behaviour,act_cins_min_pninst,0.0,0.0,0.0,0.0,0.0,0,0.0,mixed / neutral
css_submodel,Current instalment-loan behaviour,act_cins_n_statC,0.0,0.0,0.0,0.0,0.0,0,0.0,mixed / neutral
css_submodel,Historical arrears behaviour,agr12_Max_CMaxI_Days,0.0,0.0,0.0,0.0,0.0,0,0.0,mixed / neutral
css_submodel,Historical arrears behaviour,agr12_Max_CMaxI_Due,0.0,0.0,0.0,0.0,0.0,0,0.0,mixed / neutral
css_submodel,Historical arrears behaviour,agr12_Min_CMaxI_Due,0.0,0.0,0.0,0.0,0.0,0,0.0,mixed / neutral
css_submodel,Historical arrears behaviour,agr3_Max_CMaxC_Due,0.0,0.0,0.0,0.0,0.0,0,0.0,mixed / neutral
css_submodel,Historical arrears behaviour,agr3_Min_CMaxA_Due,0.0,0.0,0.0,0.0,0.0,0,0.0,mixed / neutral
css_submodel,Historical arrears behaviour,agr3_Min_CMaxI_Days,0.0,0.0,0.0,0.0,0.0,0,0.0,mixed / neutral
css_submodel,Historical arrears behaviour,agr9_Max_CMaxA_Days,0.0,0.0,0.0,0.0,0.0,0,0.0,mixed / neutral
css_submodel,Historical arrears behaviour,agr9_Min_CMaxC_Days,0.0,0.0,0.0,0.0,0.0,0,0.0,mixed / neutral
css_submodel,Historical arrears behaviour,ags12_Mean_CMaxI_Due,0.0,0.0,0.0,0.0,0.0,0,0.0,mixed / neutral
css_submodel,Historical arrears behaviour,ags3_Max_CMaxC_Days,0.0,0.0,0.0,0.0,0.0,0,0.0,mixed / neutral
css_submodel,Historical arrears behaviour,ags3_Max_CMaxI_Due,0.0,0.0,0.0,0.0,0.0,0,0.0,mixed / neutral
css_submodel,Historical arrears behaviour,ags3_Mean_CMaxC_Due,0.0,0.0,0.0,0.0,0.0,0,0.0,mixed / neutral
css_submodel,Historical arrears behaviour,ags6_Max_CMaxI_Days,0.0,0.0,0.0,0.0,0.0,0,0.0,mixed / neutral
css_submodel,Historical arrears behaviour,ags6_Mean_CMaxC_Due,0.0,0.0,0.0,0.0,0.0,0,0.0,mixed / neutral
css_submodel,Historical arrears behaviour,ags6_Mean_CMaxI_Due,0.0,0.0,0.0,0.0,0.0,0,0.0,mixed / neutral
css_submodel,Historical arrears behaviour,ags9_Max_CMaxI_Days,0.0,0.0,0.0,0.0,0.0,0,0.0,mixed / neutral
css_submodel,Other,act3_n_good_days,0.0,0.0,0.0,0.0,0.0,0,0.0,mixed / neutral
ins_submodel,Current customer state,act_age,0.6178462281114889,-0.6178462281114889,0.6178462281114889,0.0,0.6178462281114889,1,0.10941513951694908,mostly decreases PD
ins_submodel,Current call-loan behaviour,act_call_cc,0.3961058530320571,0.3961058530320571,0.3961058530320571,0.3961058530320571,0.0,1,0.07014686697279968,mostly increases PD
ins_submodel,Application affordability,app_number_of_children,0.2962213463528316,-0.2962213463528316,0.2962213463528316,0.0,0.2962213463528316,1,0.052458198277201516,mostly decreases PD
ins_submodel,Historical arrears behaviour,agr12_Mean_CMaxA_Days,0.2541485263245508,-0.2541485263245508,0.2541485263245508,0.0,0.2541485263245508,1,0.04500747143965715,mostly decreases PD
ins_submodel,Historical arrears behaviour,agr6_Mean_CMaxA_Due,0.22725682801147692,0.22725682801147692,0.22725682801147692,0.22725682801147692,0.0,1,0.04024518789903198,mostly increases PD
ins_submodel,Application profile,app_char_marital_status,0.21813041016582455,-0.058853989824486114,0.13849219999515533,0.07963821017066922,0.13849219999515533,2,0.03862897946975298,mostly decreases PD
ins_submodel,Historical arrears behaviour,ags3_Max_CMaxI_Days,0.1760553597638377,-0.1760553597638377,0.1760553597638377,0.0,0.1760553597638377,1,0.031177857652618025,mostly decreases PD
ins_submodel,Historical arrears behaviour,ags6_Mean_CMaxC_Due,0.16639674533426835,0.16639674533426835,0.16639674533426835,0.16639674533426835,0.0,1,0.029467401883418034,mostly increases PD
ins_submodel,Historical arrears behaviour,agr12_Min_CMaxI_Due,0.1519220262961581,0.1519220262961581,0.1519220262961581,0.1519220262961581,0.0,1,0.02690405629520529,mostly increases PD
ins_submodel,Application profile,app_char_gender,0.14476641586635025,0.14476641586635025,0.14476641586635025,0.14476641586635025,0.0,1,0.02563686054667822,mostly increases PD
ins_submodel,Current cash-loan behaviour,act_ccss_min_lninst,0.14371919008287182,0.14371919008287182,0.14371919008287182,0.14371919008287182,0.0,1,0.02545140605979842,mostly increases PD
ins_submodel,Historical arrears behaviour,ags9_Max_CMaxI_Days,0.13601594798533118,-0.13601594798533118,0.13601594798533118,0.0,0.13601594798533118,1,0.02408722955359637,mostly decreases PD
ins_submodel,Historical arrears behaviour,agr12_Max_CMaxI_Days,0.13301452416351708,0.13301452416351708,0.13301452416351708,0.13301452416351708,0.0,1,0.02355570376081606,mostly increases PD
ins_submodel,Current cash-loan behaviour,act_ccss_min_seniority,0.13213996965765137,-0.13213996965765137,0.13213996965765137,0.0,0.13213996965765137,1,0.02340082784036744,mostly decreases PD
ins_submodel,Historical arrears behaviour,ags12_Max_CMaxA_Due,0.12149119320098764,0.12149119320098764,0.12149119320098764,0.12149119320098764,0.0,1,0.021515023074265643,mostly increases PD
ins_submodel,Historical arrears behaviour,ags6_Max_CMaxI_Days,0.12030648063472604,-0.12030648063472604,0.12030648063472604,0.0,0.12030648063472604,1,0.021305220885910123,mostly decreases PD
ins_submodel,Historical arrears behaviour,ags3_Mean_CMaxC_Days,0.1143048939413016,-0.1143048939413016,0.1143048939413016,0.0,0.1143048939413016,1,0.020242392603553743,mostly decreases PD
ins_submodel,Current instalment-loan behaviour,act_cins_min_seniority,0.10856716288507813,-0.10856716288507813,0.10856716288507813,0.0,0.10856716288507813,1,0.01922629083670094,mostly decreases PD
ins_submodel,Historical arrears behaviour,agr9_Max_CMaxI_Days,0.10709448525203563,-0.10709448525203563,0.10709448525203563,0.0,0.10709448525203563,1,0.018965492564652967,mostly decreases PD
ins_submodel,Historical arrears behaviour,ags3_Max_CMaxC_Days,0.09428725418778351,0.09428725418778351,0.09428725418778351,0.09428725418778351,0.0,1,0.01669744444853161,mostly increases PD
ins_submodel,Historical arrears behaviour,agr6_Mean_CMaxA_Days,0.09259833655507188,0.09259833655507188,0.09259833655507188,0.09259833655507188,0.0,1,0.016398351972106498,mostly increases PD
ins_submodel,Historical arrears behaviour,ags12_Min_CMaxI_Days,0.09200106838570742,-0.09200106838570742,0.09200106838570742,0.0,0.09200106838570742,1,0.01629258102602531,mostly decreases PD
ins_submodel,Historical arrears behaviour,agr6_Mean_CMaxI_Due,0.08562615192385929,-0.08562615192385929,0.08562615192385929,0.0,0.08562615192385929,1,0.015163639321203341,mostly decreases PD
ins_submodel,Application profile,app_char_home_status,0.08272439908234475,-0.08272439908234475,0.08272439908234475,0.0,0.08272439908234475,1,0.014649764383472515,mostly decreases PD
ins_submodel,Historical arrears behaviour,agr12_Mean_CMaxC_Days,0.07914056561013529,-0.07914056561013529,0.07914056561013529,0.0,0.07914056561013529,1,0.01401509895779551,mostly decreases PD
ins_submodel,Application affordability,app_n_installments,0.07730532827472406,0.07730532827472406,0.07730532827472406,0.07730532827472406,0.0,1,0.01369009454737043,mostly increases PD
ins_submodel,Historical arrears behaviour,ags12_Mean_CMaxI_Due,0.07384382295893453,0.07384382295893453,0.07384382295893453,0.07384382295893453,0.0,1,0.013077092363601448,mostly increases PD
ins_submodel,Historical arrears behaviour,agr9_Min_CMaxC_Days,0.07244256355435774,-0.07244256355435774,0.07244256355435774,0.0,0.07244256355435774,1,0.012828941632440003,mostly decreases PD
ins_submodel,Historical arrears behaviour,agr6_Max_CMaxC_Days,0.07047960705235472,0.07047960705235472,0.07047960705235472,0.07047960705235472,0.0,1,0.012481319279562893,mostly increases PD
ins_submodel,Current instalment-loan behaviour,act_cins_n_loans_act,0.06746649038945327,0.06746649038945327,0.06746649038945327,0.06746649038945327,0.0,1,0.01194772278734199,mostly increases PD
ins_submodel,Historical arrears behaviour,agr9_Min_CMaxA_Due,0.06694718324952026,-0.06694718324952026,0.06694718324952026,0.0,0.06694718324952026,1,0.011855758054723012,mostly decreases PD
ins_submodel,Current instalment-loan behaviour,act_cins_min_pninst,0.06463061177187118,-0.06463061177187118,0.06463061177187118,0.0,0.06463061177187118,1,0.011445513595996267,mostly decreases PD
ins_submodel,Historical arrears behaviour,ags12_Max_CMaxA_Days,0.06373135033013384,0.06373135033013384,0.06373135033013384,0.06373135033013384,0.0,1,0.011286262294243317,mostly increases PD
ins_submodel,Current cash-loan behaviour,act_ccss_n_statB,0.06350577853675313,0.06350577853675313,0.06350577853675313,0.06350577853675313,0.0,1,0.011246315511175177,mostly increases PD
ins_submodel,Current cash-loan behaviour,act_ccss_min_pninst,0.0632719697489758,-0.0632719697489758,0.0632719697489758,0.0,0.0632719697489758,1,0.011204910028757422,mostly decreases PD
ins_submodel,Historical arrears behaviour,agr6_Max_CMaxI_Days,0.05811743453500223,0.05811743453500223,0.05811743453500223,0.05811743453500223,0.0,1,0.010292087122472439,mostly increases PD
ins_submodel,Current cash-loan behaviour,act_ccss_n_statC,0.05703846449705049,0.05703846449705049,0.05703846449705049,0.05703846449705049,0.0,1,0.0101010110069834,mostly increases PD
ins_submodel,Current cash-loan behaviour,act_ccss_cc,0.05498444856012962,-0.05498444856012962,0.05498444856012962,0.0,0.05498444856012962,1,0.009737262828095627,mostly decreases PD
ins_submodel,Other,act12_n_arrears_days,0.0534295292258811,-0.0534295292258811,0.0534295292258811,0.0,0.0534295292258811,1,0.009461900273217808,mostly decreases PD
ins_submodel,Current credit-card behaviour,act_cc,0.05284428652949362,0.05284428652949362,0.05284428652949362,0.05284428652949362,0.0,1,0.009358258932762854,mostly increases PD
ins_submodel,Application profile,app_char_city,0.05117784887462609,-0.05117784887462609,0.05117784887462609,0.0,0.05117784887462609,1,0.009063147462938155,mostly decreases PD
ins_submodel,Historical arrears behaviour,ags3_Mean_CMaxA_Days,0.04977465382871125,0.04977465382871125,0.04977465382871125,0.04977465382871125,0.0,1,0.008814653946699419,mostly increases PD
ins_submodel,Historical arrears behaviour,agr6_Min_CMaxI_Days,0.04260199003708882,0.04260199003708882,0.04260199003708882,0.04260199003708882,0.0,1,0.007544438197600563,mostly increases PD
ins_submodel,Historical arrears behaviour,ags3_Mean_CMaxC_Due,0.03989377998098042,-0.03989377998098042,0.03989377998098042,0.0,0.03989377998098042,1,0.007064837986984994,mostly decreases PD
ins_submodel,Historical arrears behaviour,ags12_Min_CMaxA_Due,0.03303964992516812,0.03303964992516812,0.03303964992516812,0.03303964992516812,0.0,1,0.005851031764332631,mostly increases PD
ins_submodel,Current instalment-loan behaviour,act_cins_cc,0.0225407579420402,0.0225407579420402,0.0225407579420402,0.0225407579420402,0.0,1,0.0039917702218311,mostly increases PD
ins_submodel,Current instalment-loan behaviour,act_cins_maxdue,0.020712310869438574,0.020712310869438574,0.020712310869438574,0.020712310869438574,0.0,1,0.0036679683073004123,mostly increases PD
ins_submodel,Historical arrears behaviour,agr3_Max_CMaxC_Due,0.018721399153420453,0.018721399153420453,0.018721399153420453,0.018721399153420453,0.0,1,0.0033153953315943224,mostly increases PD
ins_submodel,Application affordability,app_installment,0.014689868662580248,-0.014689868662580248,0.014689868662580248,0.0,0.014689868662580248,1,0.0026014466967205366,mostly decreases PD
ins_submodel,Historical arrears behaviour,agr12_Mean_CMaxI_Days,0.014163231557817445,-0.014163231557817445,0.014163231557817445,0.0,0.014163231557817445,1,0.002508183891720412,mostly decreases PD
ins_submodel,Other,act3_n_good_days,0.014149663428023835,-0.014149663428023835,0.014149663428023835,0.0,0.014149663428023835,1,0.0025057810951234507,mostly decreases PD
ins_submodel,Other,act3_n_arrears_days,0.012145965180644683,0.012145965180644683,0.012145965180644683,0.012145965180644683,0.0,1,0.002150943737036843,mostly increases PD
ins_submodel,Historical arrears behaviour,ags3_Max_CMaxI_Due,0.011674264416043642,-0.011674264416043642,0.011674264416043642,0.0,0.011674264416043642,1,0.002067409675290072,mostly decreases PD
ins_submodel,Historical arrears behaviour,ags9_Mean_CMaxC_Due,0.010020881016565744,-0.010020881016565744,0.010020881016565744,0.0,0.010020881016565744,1,0.0017746099994195288,mostly decreases PD
ins_submodel,Historical arrears behaviour,ags9_Min_CMaxI_Days,0.009061543255872067,0.009061543255872067,0.009061543255872067,0.009061543255872067,0.0,1,0.0016047197093209456,mostly increases PD
ins_submodel,Current customer state,act_loaninc,0.008151346737036174,0.008151346737036174,0.008151346737036174,0.008151346737036174,0.0,1,0.00144353190147323,mostly increases PD
ins_submodel,Historical arrears behaviour,agr3_Min_CMaxI_Days,0.008038895136052528,0.008038895136052528,0.008038895136052528,0.008038895136052528,0.0,1,0.0014236177107721907,mostly increases PD
ins_submodel,Historical arrears behaviour,ags6_Mean_CMaxI_Due,0.00666488130648135,0.00666488130648135,0.00666488130648135,0.00666488130648135,0.0,1,0.0011802919316049839,mostly increases PD
ins_submodel,Current instalment-loan behaviour,act_cins_n_statC,0.004139422759712632,0.004139422759712632,0.004139422759712632,0.004139422759712632,0.0,1,0.0007330554079094651,mostly increases PD
ins_submodel,Historical arrears behaviour,agr3_Min_CMaxA_Due,0.0032240348717443887,0.0032240348717443887,0.0032240348717443887,0.0032240348717443887,0.0,1,0.0005709482541920882,mostly increases PD
ins_submodel,Application affordability,app_income,0.0003008577762438327,0.0003008577762438327,0.0003008577762438327,0.0003008577762438327,0.0,1,5.327926928209385e-05,mostly increases PD
ins_submodel,Application profile,app_char_cars,0.0,0.0,0.0,0.0,0.0,0,0.0,mixed / neutral
ins_submodel,Current cash-loan behaviour,act_ccss_dueutl,0.0,0.0,0.0,0.0,0.0,0,0.0,mixed / neutral
ins_submodel,Current cash-loan behaviour,act_ccss_seniority,0.0,0.0,0.0,0.0,0.0,0,0.0,mixed / neutral
ins_submodel,Current customer state,act_cus_active,0.0,0.0,0.0,0.0,0.0,0,0.0,mixed / neutral
ins_submodel,Current instalment-loan behaviour,act_cins_n_loan,0.0,0.0,0.0,0.0,0.0,0,0.0,mixed / neutral
ins_submodel,Current instalment-loan behaviour,act_cins_n_statB,0.0,0.0,0.0,0.0,0.0,0,0.0,mixed / neutral
ins_submodel,Current instalment-loan behaviour,act_cins_utl,0.0,0.0,0.0,0.0,0.0,0,0.0,mixed / neutral
ins_submodel,Historical arrears behaviour,agr12_Max_CMaxA_Due,0.0,0.0,0.0,0.0,0.0,0,0.0,mixed / neutral
ins_submodel,Historical arrears behaviour,agr12_Max_CMaxI_Due,0.0,0.0,0.0,0.0,0.0,0,0.0,mixed / neutral
ins_submodel,Historical arrears behaviour,agr12_Min_CMaxA_Due,0.0,0.0,0.0,0.0,0.0,0,0.0,mixed / neutral
ins_submodel,Historical arrears behaviour,agr12_Min_CMaxI_Days,0.0,0.0,0.0,0.0,0.0,0,0.0,mixed / neutral
ins_submodel,Historical arrears behaviour,agr6_Mean_CMaxC_Days,0.0,0.0,0.0,0.0,0.0,0,0.0,mixed / neutral
ins_submodel,Historical arrears behaviour,agr6_Min_CMaxA_Due,0.0,0.0,0.0,0.0,0.0,0,0.0,mixed / neutral
ins_submodel,Historical arrears behaviour,agr6_Min_CMaxI_Due,0.0,0.0,0.0,0.0,0.0,0,0.0,mixed / neutral
ins_submodel,Historical arrears behaviour,agr9_Max_CMaxA_Days,0.0,0.0,0.0,0.0,0.0,0,0.0,mixed / neutral
ins_submodel,Historical arrears behaviour,ags12_Max_CMaxI_Days,0.0,0.0,0.0,0.0,0.0,0,0.0,mixed / neutral
ins_submodel,Historical arrears behaviour,ags12_Mean_CMaxC_Days,0.0,0.0,0.0,0.0,0.0,0,0.0,mixed / neutral
ins_submodel,Historical arrears behaviour,ags12_Min_CMaxA_Days,0.0,0.0,0.0,0.0,0.0,0,0.0,mixed / neutral
ins_submodel,Historical arrears behaviour,ags3_Max_CMaxA_Days,0.0,0.0,0.0,0.0,0.0,0,0.0,mixed / neutral
ins_submodel,Historical arrears behaviour,ags6_Mean_CMaxI_Days,0.0,0.0,0.0,0.0,0.0,0,0.0,mixed / neutral
ins_submodel,Historical arrears behaviour,ags9_Max_CMaxI_Due,0.0,0.0,0.0,0.0,0.0,0,0.0,mixed / neutral
ins_submodel,Historical arrears behaviour,ags9_Mean_CMaxI_Days,0.0,0.0,0.0,0.0,0.0,0,0.0,mixed / neutral
ins_submodel,Historical arrears behaviour,ags9_Min_CMaxI_Due,0.0,0.0,0.0,0.0,0.0,0,0.0,mixed / neutral
ins_submodel,Other,act12_n_good_days,0.0,0.0,0.0,0.0,0.0,0,0.0,mixed / neutral
