Variable,Condition,BR,Share,All,Bad,Good,Logit,GRP,Type,Bad share,Good share,Infomration Value,Share test,Bad share test,Population Stability Index,Population Stability Index for bads,Beta,FBeta,Score
act_age,48.5 <= act_age < 57.5,0.6008629989212514,0.23215627347858753,927,557,370,0.40906214355197773,0,INT,0.2737100737100737,0.18896833503575078,0.03138208552658562,0.10426540284360189,0.12602739726027398,0.10230542705507835,0.114475077514356,1.6167251835815015,0.6613410691303138,4.0
act_age,act_age < 48.5,0.5256064690026954,0.09291259704482845,371,195,176,0.10251550816431954,1,INT,0.09582309582309582,0.0898876404494382,0.00037912396346581774,0.027251184834123223,0.0410958904109589,0.08036793272124973,0.046255887220067134,1.6167251835815015,0.6613410691303138,18.0
act_age,70.500 <= act_age,0.5011337868480725,0.22088655146506386,882,442,440,0.0045351541370081926,2,INT,0.21719901719901719,0.2247191011235955,0.000255846184791402,0.46800947867298576,0.38082191780821917,0.18549055584857438,0.09184481467250247,1.6167251835815015,0.6613410691303138,23.0
act_age,57.5 <= act_age < 70.5,0.4638720353006067,0.45404457801152015,1813,841,972,-0.14476412846208705,3,INT,0.41326781326781326,0.4964249233912155,0.01524235690463154,0.4004739336492891,0.4520547945205479,0.006724039868679629,0.0034786802810107516,1.6167251835815015,0.6613410691303138,30.0
act_cc,0.809 <= act_cc,0.676056338028169,0.10668670172802404,426,288,138,0.7357064175634844,0,INT,0.14152334152334153,0.07048008171603677,0.049476162463238604,0.13507109004739337,0.16986301369863013,0.006690424751310869,0.005169435009313194,0.28676663182966367,0.21097605138014855,4.0
act_cc,0.548 <= act_cc < 0.728,0.6041152263374485,0.304282494365139,1215,734,481,0.4226416868483409,1,INT,0.36068796068796066,0.245658835546476,0.044164248658005556,0.3862559241706161,0.42191780821917807,0.01954852450812951,0.009598212932415015,0.28676663182966367,0.21097605138014855,6.0
act_cc,0.728 <= act_cc < 0.809,0.4892966360856269,0.08189331329827197,327,160,167,-0.042819970985339385,2,INT,0.07862407862407862,0.08529111338100102,0.0005419830792722061,0.08530805687203792,0.0958904109589041,0.00013933089527310235,0.0034239005354287123,0.28676663182966367,0.21097605138014855,10.0
act_cc,act_cc < 0.548,0.4212345679012346,0.507137490608565,2025,853,1172,-0.31770739073621984,3,INT,0.41916461916461917,0.5985699693564862,0.06390565812228349,0.3933649289099526,0.31232876712328766,0.028896794787060337,0.03142317744933762,0.28676663182966367,0.21097605138014855,13.0
act_loaninc,4.696 <= act_loaninc,0.6380208333333334,0.28850488354620585,1152,735,417,0.5667841736603231,0,INT,0.36117936117936117,0.21297242083758938,0.0782561398472119,0.3578199052132701,0.4684931506849315,0.014920104523163618,0.027910534884404845,0.21806740802887412,0.12359715566189391,4.0
act_loaninc,3.648 <= act_loaninc < 4.291,0.6043478260869565,0.05760080140245429,230,139,91,0.42361404713754824,1,INT,0.0683046683046683,0.04647599591419816,0.008389976252121472,0.06872037914691943,0.09315068493150686,0.0019595903657836995,0.007698546481798558,0.21806740802887412,0.12359715566189391,5.0
act_loaninc,act_loaninc < 3.648,0.45975558364938895,0.594290007513148,2373,1091,1282,-0.16132663799163746,2,INT,0.5361179361179361,0.6547497446373851,0.02371036256169103,0.5118483412322274,0.4054794520547945,0.012309526637591233,0.03647738508827518,0.21806740802887412,0.12359715566189391,8.0
act_loaninc,4.291 <= act_loaninc < 4.696,0.29411764705882354,0.059604307538191834,238,70,168,-0.8754679040214098,3,INT,0.0343980343980344,0.08580183861082738,0.04689583885251861,0.061611374407582936,0.03287671232876712,6.63618461499682e-05,6.861272539053659e-05,0.21806740802887412,0.12359715566189391,13.0
app_income,app_income < 582.5,0.7004950495049505,0.1011770598547458,404,283,121,0.849655878957385,0,INT,0.13906633906633906,0.06179775280898876,0.06260192884565356,0.12677725118483413,0.16986301369863013,0.005769263338675474,0.006156592337680658,0.7072925765139225,0.6009552957779704,4.0
app_income,582.5 <= app_income < 1064.5,0.5573394495412844,0.21838216879539193,872,486,386,0.23037120112963463,1,INT,0.2388206388206388,0.19713993871297242,0.00799062748338396,0.25355450236966826,0.30684931506849317,0.005250128871480933,0.017044666115590665,0.7072925765139225,0.6009552957779704,16.0
app_income,2126.500 <= app_income,0.5438034188034188,0.23441021788129227,936,509,427,0.17566396559352312,2,INT,0.2501228501228501,0.21807967313585291,0.00439097296889144,0.14691943127962084,0.14794520547945206,0.04085245763004711,0.05362632767070459,0.7072925765139225,0.6009552957779704,18.0
app_income,1064.5 <= app_income < 2126.5,0.42504211117349805,0.44603055346857,1781,757,1024,-0.302108517717862,3,INT,0.371990171990172,0.5229826353421859,0.05142852093890479,0.4727488151658768,0.37534246575342467,0.0015540430510220002,3.0066777667991048e-05,0.7072925765139225,0.6009552957779704,27.0
app_n_installments,18 <= app_n_installments < 30,0.5654064904650384,0.7485599799649386,2989,1690,1299,0.26313377343582445,0,INT,0.8304668304668305,0.6634320735444331,0.037504514987974726,0.7535545023696683,0.852054794520548,3.3209219839071596e-05,0.0005539427981850088,0.09599403770663721,0.025259273369088266,4.0
app_n_installments,30.000 <= app_n_installments,0.3764367816091954,0.08715251690458302,348,131,217,-0.5046997278102077,1,INT,0.06437346437346438,0.1108273748723187,0.025206912552615108,0.1018957345971564,0.08493150684931507,0.002301778773666063,0.005689810819060555,0.09599403770663721,0.025259273369088266,6.0
app_n_installments,app_n_installments < 18,0.32621951219512196,0.16428750313047832,656,214,442,-0.7253336260105544,2,INT,0.10515970515970516,0.2257405515832482,0.09205124301006319,0.14454976303317535,0.06301369863013699,0.0025246754848113778,0.02155738052765215,0.09599403770663721,0.025259273369088266,7.0
app_number_of_children,app_number_of_children < 0.5,0.5749516441005803,0.5179063360881543,2068,1189,879,0.3020829693442543,0,INT,0.5842751842751843,0.4489274770173647,0.03565858967271707,0.6161137440758294,0.6876712328767123,0.01704943617139078,0.01684456634965426,1.1757777943175434,0.3551824473964814,4.0
app_number_of_children,0.5 <= app_number_of_children < 1.5,0.5195227765726681,0.23090408214375158,922,479,443,0.07813081040041618,1,INT,0.23538083538083537,0.22625127681307455,0.00036099568211806957,0.20260663507109006,0.18904109589041096,0.0036977857503938537,0.010154717019612503,1.1757777943175434,0.3551824473964814,11.0
app_number_of_children,1.5 <= app_number_of_children < 2.5,0.4328767123287671,0.18281993488605058,730,316,414,-0.27012368532862074,2,INT,0.15528255528255527,0.21144024514811033,0.017326056320497298,0.1386255924170616,0.1095890410958904,0.012221977060701264,0.01591234188328988,1.1757777943175434,0.3551824473964814,23.0
app_number_of_children,2.500 <= app_number_of_children,0.18681318681318682,0.06836964688204357,273,51,222,-1.4708502388159113,3,INT,0.02506142506142506,0.11338100102145046,0.1330378404879694,0.04265402843601896,0.0136986301369863,0.012110181940672813,0.00682611665229092,1.1757777943175434,0.3551824473964814,64.0
app_installment,199.5 <= app_installment < 208.5,0.5928571428571429,0.6661657901327322,2660,1577,1083,0.3757893110374876,0,INT,0.774938574938575,0.5531154239019408,0.07479107405472346,0.6729857819905213,0.8054794520547945,6.945553641578919e-05,0.0011803753511228153,0.8083597612982539,0.3037729577686988,4.0
app_installment,121.5 <= app_installment < 199.5,0.36432160804020103,0.09967443025294265,398,145,253,-0.5566554519088501,1,INT,0.07125307125307126,0.12921348314606743,0.034463212830955194,0.08886255924170616,0.052054794520547946,0.0012400820557788227,0.006017205938360248,0.8083597612982539,0.3037729577686988,26.0
app_installment,208.500 <= app_installment,0.36318407960199006,0.15101427498121714,603,219,384,-0.5615706265669583,2,INT,0.10761670761670762,0.1961184882533197,0.053076648187848734,0.16824644549763032,0.11232876712328767,0.0018608623406321868,0.00020174747223884404,0.8083597612982539,0.3037729577686988,26.0
app_installment,app_installment < 121.5,0.28313253012048195,0.08314550463310794,332,94,238,-0.9289752477402283,3,INT,0.046191646191646195,0.12155260469867211,0.07281435824110857,0.06990521327014218,0.030136986301369864,0.00229354171833194,0.006837609488214544,0.8083597612982539,0.3037729577686988,34.0
app_char_gender,Male,0.5818181818181818,0.22038567493112948,880,512,368,0.33024161044396433,0,NOM,0.2515970515970516,0.18794688457609807,0.01855624318920899,0.1966824644549763,0.2054794520547945,0.002695857366057855,0.009333907036081711,0.9407757186393251,0.31068328839002857,4.0
app_char_gender,Female,0.4892386765178285,0.7796143250688705,3113,1523,1590,-0.043051939552315475,1,NOM,0.7484029484029484,0.8120531154239019,0.005194728516008155,0.8033175355450237,0.7945205479452054,0.000709838756307176,0.002757350966216798,0.9407757186393251,0.31068328839002857,14.0
app_char_marital_status,<OTHERS>,0.7105263157894737,0.009516654144753318,38,27,11,0.8979362060350347,0,NOM,0.013267813267813268,0.0056179775280898875,0.006496505643819831,0.005924170616113744,0.005479452054794521,0.0016802641433301083,0.006805152645159306,0.3585801286495104,0.321982080279096,4.0
app_char_marital_status,Divorced,0.5702576112412178,0.21387427998998246,854,487,367,0.2829022078872806,1,NOM,0.23931203931203932,0.1874361593462717,0.012668837145127941,0.21208530805687204,0.27671232876712326,1.5019910226173181e-05,0.00542878971149639,0.3585801286495104,0.321982080279096,10.0
app_char_marital_status,Maried,0.5115830115830116,0.518908089156023,2072,1060,1012,0.04634033278409573,2,NOM,0.5208845208845209,0.5168539325842697,3.1303828570091303e-05,0.3862559241706161,0.37534246575342467,0.03915367153475966,0.04768177375494729,0.3585801286495104,0.321982080279096,13.0
app_char_marital_status,Widowed,0.4480077745383868,0.2577009767092412,1029,461,568,-0.20872333486110917,3,NOM,0.22653562653562653,0.2900919305413687,0.015711053214599174,0.3957345971563981,0.3424657534246575,0.05918999814282457,0.04789306117423225,0.3585801286495104,0.321982080279096,15.0
app_char_city,Medium,0.5446708463949843,0.31955922865013775,1276,695,581,0.1791610604807379,0,NOM,0.3415233415233415,0.2967313585291113,0.0062952726066911185,0.3293838862559242,0.33972602739726027,0.00029741135927695685,9.480808716287707e-06,0.07188392069134909,0.012878799462575361,4.0
app_char_city,Big,0.5048399106478034,0.33633859253693965,1343,678,665,0.01936024440122732,1,NOM,0.3331695331695332,0.33963227783452504,0.00012412552787506402,0.38270142180094785,0.40821917808219177,0.0059854751074786975,0.015242402483838447,0.07188392069134909,0.012878799462575361,4.0
app_char_city,Large,0.4991735537190083,0.15151515151515152,605,302,303,-0.0033057870416753703,2,NOM,0.1484029484029484,0.15474974463738508,0.0002656162448964927,0.14928909952606634,0.14246575342465753,3.2925766216341874e-05,0.0002422464121371529,0.07188392069134909,0.012878799462575361,4.0
app_char_city,Small,0.4681404421326398,0.1925870272977711,769,360,409,-0.12761109131365447,3,NOM,0.1769041769041769,0.20888661899897856,0.00531218433806656,0.1386255924170616,0.1095890410958904,0.01773007767366933,0.032211899107100136,0.07188392069134909,0.012878799462575361,4.0
app_char_home_status,Owner,0.5232189212575714,0.8682694715752567,3467,1814,1653,0.09294252748478182,0,NOM,0.8914004914004914,0.8442288049029623,0.0025644411171328175,0.9123222748815166,0.9342465753424658,0.002179980329565396,0.0020112571600415614,0.9101638241598438,0.08459292624263041,4.0
app_char_home_status,Rental,0.42015209125475284,0.1317305284247433,526,221,305,-0.32214895046987196,1,NOM,0.10859950859950859,0.1557711950970378,0.01700269100354179,0.08767772511848342,0.06575342465753424,0.017916691576917776,0.021472565172718297,0.9101638241598438,0.08459292624263041,15.0
app_char_cars,Owner,0.5178312554363583,0.8637615827698473,3449,1786,1663,0.07135527810226727,0,NOM,0.8776412776412776,0.8493360572012257,0.0009278227830319973,0.8791469194312796,0.8794520547945206,0.0002716006847526738,3.731778865485178e-06,0.6161263188471476,0.043963864827464415,4.0
app_char_cars,No,0.4577205882352941,0.13623841723015276,544,249,295,-0.1695223972517605,1,NOM,0.12235872235872236,0.15066394279877426,0.0058858245618321325,0.12085308056872038,0.12054794520547946,0.001842200984987707,2.697560352088383e-05,0.6161263188471476,0.043963864827464415,8.0
act_call_cc,1.477 <= act_call_cc,0.631236442516269,0.11545204107187579,461,291,170,0.5375245855286621,0,INT,0.142997542997543,0.08682328907048008,0.02800289488935574,0.1646919431279621,0.2136986301369863,0.01747832990897434,0.028387057381278908,0.42735643747315016,0.22971459192576066,4.0
act_call_cc,0.75 <= act_call_cc < 0.979,0.6302083333333334,0.19233658903080392,768,484,284,0.5331105230543605,1,INT,0.23783783783783785,0.14504596527068436,0.04586419810708582,0.18838862559241706,0.1726027397260274,8.183744641965692e-05,0.02090377859422756,0.42735643747315016,0.22971459192576066,4.0
act_call_cc,0.979 <= act_call_cc < 1.477,0.4864376130198915,0.276984723265715,1106,538,568,-0.05426284874210078,2,INT,0.2643734643734644,0.2900919305413687,0.0023867150924500773,0.3234597156398104,0.34794520547945207,0.007206429499995201,0.02294808553633535,0.42735643747315016,0.22971459192576066,11.0
act_call_cc,act_call_cc < 0.75,0.43546441495778043,0.4152266466316053,1658,722,936,-0.2595903059182214,3,INT,0.3547911547911548,0.4780388151174668,0.03673889041859146,0.3234597156398104,0.26575342465753427,0.02291251614349421,0.0257199742399096,0.42735643747315016,0.22971459192576066,14.0
act_cins_n_loan,act_cins_n_loan < 0.5,0.5584192439862543,0.43726521412471825,1746,975,771,0.23474907029693728,0,INT,0.47911547911547914,0.39376915219611847,0.016739111239600243,0.48933649289099523,0.536986301369863,0.005857297074778938,0.0065977623698016356,0.11488778690286519,0.02696980116392025,4.0
act_cins_n_loan,1.500 <= act_cins_n_loan,0.5423728813559322,0.05910343100425745,236,128,108,0.16989889211959505,1,INT,0.0628992628992629,0.05515832482124617,0.001014868114271647,0.03317535545023697,0.030136986301369864,0.014938783533394525,0.0240493830368179,0.11488778690286519,0.02696980116392025,4.0
act_cins_n_loan,0.5 <= act_cins_n_loan < 1.5,0.46345101939333666,0.5036313548710243,2011,932,1079,-0.14645713595481352,2,INT,0.45798525798525797,0.5510725229826353,0.01722045046945331,0.4774881516587678,0.4328767123287671,0.0013932849234746865,0.0014154032476927723,0.11488778690286519,0.02696980116392025,5.0
act_cins_min_seniority,16.5 <= act_cins_min_seniority < 31.5,0.7133333333333334,0.26296018031555224,1050,749,301,0.911628520053825,0,INT,0.36805896805896804,0.15372829417773237,0.18704162434529079,0.22985781990521326,0.3726027397260274,0.004451834764646509,5.573542164358413e-05,0.2536525599124835,0.2312369078008815,4.0
act_cins_min_seniority,act_cins_min_seniority < 16.5,0.5806451612903226,0.19408965689957425,775,450,325,0.32542231496456514,1,INT,0.22113022113022113,0.16598569969356486,0.015809932394373484,0.12914691943127962,0.14246575342465753,0.026438877821567175,0.03456521140147296,0.2536525599124835,0.2312369078008815,8.0
act_cins_min_seniority,31.5 <= act_cins_min_seniority < 55.5,0.5484210526315789,0.23791635361883295,950,521,429,0.19429308166370532,2,INT,0.25601965601965604,0.21910112359550563,0.0057465564037158055,0.20616113744075829,0.2684931506849315,0.0045472313843979975,0.000593152616975326,0.2536525599124835,0.2312369078008815,9.0
act_cins_min_seniority,act_cins_min_seniority = Missing,0.4444444444444444,0.029301277235161533,117,52,65,-0.22314316669949089,3,INT,0.025552825552825554,0.03319713993871297,0.0019937731231660654,0.04383886255924171,0.052054794520547946,0.0058406357422957815,0.018804800461143925,0.2536525599124835,0.2312369078008815,12.0
act_cins_min_seniority,55.500 <= act_cins_min_seniority,0.23887375113533152,0.27573253193087904,1101,263,838,-1.158863807407989,4,INT,0.12923832923832923,0.4279877425944842,0.35757212790785137,0.3909952606635071,0.1643835616438356,0.0402448174528378,0.00844817433217261,0.2536525599124835,0.2312369078008815,19.0
act_cins_n_statC,0.5 <= act_cins_n_statC < 1.5,0.5705939629990263,0.2572001001753068,1027,586,441,0.28427485802127234,0,INT,0.28796068796068797,0.22522982635342187,0.015407073253914579,0.18364928909952608,0.19726027397260273,0.024762413302035668,0.03429748353472785,0.23180694202970684,0.06589688553384022,4.0
act_cins_n_statC,act_cins_n_statC < 0.5,0.5196374622356495,0.08289506636614075,331,172,159,0.07859022705778146,1,INT,0.08452088452088452,0.08120531154239019,0.00013252262654304294,0.04383886255924171,0.04657534246575343,0.02483904199486854,0.022576272140163892,0.23180694202970684,0.06589688553384022,5.0
act_cins_n_statC,1.5 <= act_cins_n_statC < 2.5,0.5138888888888888,0.23441021788129227,936,481,455,0.05556983927480133,2,INT,0.23636363636363636,0.2323799795709908,6.768363042655899e-05,0.21919431279620852,0.23013698630136986,0.0010207504465568184,0.00016615993143288813,0.23180694202970684,0.06589688553384022,5.0
act_cins_n_statC,2.500 <= act_cins_n_statC,0.47029077117572693,0.3961933383420987,1582,744,838,-0.11897705057213316,3,INT,0.3656019656019656,0.4279877425944842,0.009826351330237898,0.509478672985782,0.473972602739726,0.02848328212283384,0.02812670809053103,0.23180694202970684,0.06589688553384022,6.0
act_cins_n_statC,act_cins_n_statC = Missing,0.4444444444444444,0.029301277235161533,117,52,65,-0.22314316669949089,4,INT,0.025552825552825554,0.03319713993871297,0.0019937731231660654,0.04383886255924171,0.052054794520547946,0.0058406357422957815,0.018804800461143925,0.23180694202970684,0.06589688553384022,7.0
act_cins_n_statB,1.500 <= act_cins_n_statB,0.5263157894736842,0.06661657901327322,266,140,126,0.10536043629280684,0,INT,0.0687960687960688,0.06435137895812053,0.0002964074527701951,0.07227488151658767,0.06301369863013699,0.00046061873167201257,0.0005068899688224223,-5.401092149578136,-0.5690614253372063,4.0
act_cins_n_statB,act_cins_n_statB < 0.5,0.5122885413341844,0.7846230904082144,3133,1605,1528,0.04916406269792034,1,INT,0.7886977886977887,0.780388151174668,8.80027270790348e-05,0.7701421800947867,0.7506849315068493,0.0002697202694710935,0.0018774841084635257,-5.401092149578136,-0.5690614253372063,-5.0
act_cins_n_statB,0.5 <= act_cins_n_statB < 1.5,0.4989517819706499,0.11945905334335086,477,238,239,-0.004192876502011346,2,INT,0.11695331695331695,0.12206332992849847,0.00021834772624328735,0.11374407582938388,0.13424657534246576,0.00027992338918939795,0.002382895361114138,-5.401092149578136,-0.5690614253372063,-13.0
act_cins_n_statB,act_cins_n_statB = Missing,0.4444444444444444,0.029301277235161533,117,52,65,-0.22314316669949089,3,INT,0.025552825552825554,0.03319713993871297,0.0019937731231660654,0.04383886255924171,0.052054794520547946,0.0058406357422957815,0.018804800461143925,-5.401092149578136,-0.5690614253372063,-47.0
act_cins_n_loans_act,act_cins_n_loans_act < 1.5,0.6553620531622365,0.2732281492612071,1091,715,376,0.6426932732068318,0,INT,0.35135135135135137,0.1920326864147089,0.09621016635645385,0.22274881516587677,0.3041095890410959,0.010306845329594123,0.006819556120978265,-1.1296675660342261,-0.7260297456501316,4.0
act_cins_n_loans_act,1.500 <= act_cins_n_loans_act,0.5739130434782609,0.028800400701227146,115,66,49,0.29783391825192207,1,INT,0.032432432432432434,0.02502553626149132,0.0019135923861745435,0.005924170616113744,0.00821917808219178,0.03587165929831664,0.03301898664735496,-1.1296675660342261,-0.7260297456501316,-7.0
act_cins_n_loans_act,act_cins_n_loans_act = Missing,0.44994617868675996,0.6979714500375658,2787,1254,1533,-0.20088814316570472,2,INT,0.6162162162162163,0.7829417773237998,0.039918414218640765,0.7713270142180095,0.6876712328767123,0.007329732236722711,0.00783833682829408,-1.1296675660342261,-0.7260297456501316,-24.0
act_cins_maxdue,0.500 <= act_cins_maxdue,0.8636363636363636,0.02203856749311295,88,76,12,1.8458196729883276,0,INT,0.03734643734643735,0.006128702757916241,0.055996608141939186,0.008293838862559242,0.01643835616438356,0.01332995745947365,0.017086696032569917,0.742356608023528,1.3702564314627126,4.0
act_cins_maxdue,act_cins_maxdue < 0.5,0.6305903398926654,0.27998998246932133,1118,705,413,0.5347501095644762,1,INT,0.3464373464373464,0.21092951991828396,0.06721087461965325,0.22037914691943128,0.2958904109589041,0.014265337845043755,0.007969408599573534,0.742356608023528,1.3702564314627126,32.0
act_cins_maxdue,act_cins_maxdue = Missing,0.44994617868675996,0.6979714500375658,2787,1254,1533,-0.20088814316570472,2,INT,0.6162162162162163,0.7829417773237998,0.039918414218640765,0.7713270142180095,0.6876712328767123,0.007329732236722711,0.00783833682829408,0.742356608023528,1.3702564314627126,48.0
act_cins_min_pninst,23.500 <= act_cins_min_pninst,0.7624521072796935,0.06536438767843726,261,199,62,1.1661693292899122,0,INT,0.0977886977886978,0.031664964249233915,0.07442009106748011,0.054502369668246446,0.09041095890410959,0.0019706852055903544,0.0005781208005034954,0.4987488825190238,0.5816256498113032,4.0
act_cins_min_pninst,11.5 <= act_cins_min_pninst < 21.5,0.7218543046357616,0.07563235662409216,302,218,84,0.9536775321857845,1,INT,0.10712530712530713,0.04290091930541369,0.05868251677731789,0.05687203791469194,0.07945205479452055,0.005340029358886661,0.008261038934598295,0.4987488825190238,0.5816256498113032,7.0
act_cins_min_pninst,21.5 <= act_cins_min_pninst < 23.5,0.5943396226415094,0.026546456298522415,106,63,43,0.3819338724196065,2,INT,0.03095823095823096,0.021961184882533197,0.00307738685402036,0.022511848341232227,0.03561643835616438,0.000662410560704569,0.0006509713500055899,0.4987488825190238,0.5816256498113032,15.0
act_cins_min_pninst,act_cins_min_pninst < 11.5,0.5605214152700186,0.13448534936138243,537,301,236,0.24327836822040025,3,INT,0.14791154791154792,0.1205311542390194,0.0056007339783126,0.0947867298578199,0.10684931506849316,0.013875251189135273,0.013342567545800566,0.4987488825190238,0.5816256498113032,17.0
act_cins_min_pninst,act_cins_min_pninst = Missing,0.44994617868675996,0.6979714500375658,2787,1254,1533,-0.20088814316570472,4,INT,0.6162162162162163,0.7829417773237998,0.039918414218640765,0.7713270142180095,0.6876712328767123,0.007329732236722711,0.00783833682829408,0.4987488825190238,0.5816256498113032,23.0
act_cins_utl,0.986 <= act_cins_utl,0.7894736842105263,0.019033308289506636,76,60,16,1.3217512566671286,0,INT,0.029484029484029485,0.008171603677221655,0.02716068899202213,0.014218009478672985,0.019178082191780823,0.0013960155898170496,0.0044136853638527,0.6047970103670205,0.7993912084811318,4.0
act_cins_utl,0.439 <= act_cins_utl < 0.844,0.6851520572450805,0.13999499123466067,559,383,176,0.777550687057409,1,INT,0.18820638820638821,0.0898876404494382,0.07259836947998889,0.10426540284360189,0.14520547945205478,0.010519593709254977,0.011147215001325499,0.6047970103670205,0.7993912084811318,13.0
act_cins_utl,0.844 <= act_cins_utl < 0.986,0.625,0.05008765339343852,200,125,75,0.5108250904332262,2,INT,0.06142506142506143,0.03830439223697651,0.01089614159121941,0.03909952606635071,0.057534246575342465,0.002715214517217899,0.00025417777138245955,0.6047970103670205,0.7993912084811318,18.0
act_cins_utl,act_cins_utl < 0.439,0.5741239892183289,0.09291259704482845,371,213,158,0.2986969692547241,3,INT,0.10466830466830467,0.08069458631256383,0.006229362804403818,0.07109004739336493,0.09041095890410959,0.005834955033701756,0.002085569578855475,0.6047970103670205,0.7993912084811318,22.0
act_cins_utl,act_cins_utl = Missing,0.44994617868675996,0.6979714500375658,2787,1254,1533,-0.20088814316570472,4,INT,0.6162162162162163,0.7829417773237998,0.039918414218640765,0.7713270142180095,0.6876712328767123,0.007329732236722711,0.00783833682829408,0.6047970103670205,0.7993912084811318,30.0
act_cins_cc,0.575 <= act_cins_cc,0.751984126984127,0.12622088655146507,504,379,125,1.109221931632653,0,INT,0.18624078624078624,0.06384065372829417,0.13092185173909887,0.13744075829383887,0.2,0.0009547539639627988,0.0009802072163482753,0.4743552468024064,0.5261652431382491,4.0
act_cins_cc,act_cins_cc < 0.29,0.6578947368421053,0.019033308289506636,76,50,26,0.6539246212582144,1,INT,0.02457002457002457,0.013278855975485188,0.006909217116515336,0.002369668246445498,0.005479452054794521,0.03411625140672325,0.028378104601378306,0.4743552468024064,0.5261652431382491,10.0
act_cins_cc,0.47 <= act_cins_cc < 0.575,0.6350877192982456,0.07137490608564989,285,181,104,0.5541057230724891,2,INT,0.08894348894348894,0.05311542390194075,0.01844344996899945,0.04976303317535545,0.07397260273972603,0.007781711743574762,0.002755828154962159,0.4743552468024064,0.5261652431382491,11.0
act_cins_cc,0.29 <= act_cins_cc < 0.47,0.501466275659824,0.08539944903581267,341,171,170,0.005865116012427716,3,INT,0.08402948402948403,0.08682328907048008,9.127055523431644e-05,0.03909952606635071,0.03287671232876712,0.03610677617528303,0.04790740779332057,0.4743552468024064,0.5261652431382491,19.0
act_cins_cc,act_cins_cc = Missing,0.44994617868675996,0.6979714500375658,2787,1254,1533,-0.20088814316570472,4,INT,0.6162162162162163,0.7829417773237998,0.039918414218640765,0.7713270142180095,0.6876712328767123,0.007329732236722711,0.00783833682829408,0.4743552468024064,0.5261652431382491,22.0
act_ccss_seniority,act_ccss_seniority < 31.5,0.7762237762237763,0.1790633608815427,715,555,160,1.2437938536929667,0,INT,0.2727272727272727,0.08171603677221655,0.23004736587755217,0.08412322274881516,0.12602739726027398,0.07166341120734188,0.11318576208805599,0.008084163708145775,0.010055033132439457,4.0
act_ccss_seniority,31.5 <= act_ccss_seniority < 42.5,0.6881720430107527,0.04658151765589782,186,128,58,0.7915863104864479,1,INT,0.0628992628992629,0.0296220633299285,0.02499894321705012,0.03909952606635071,0.07123287671232877,0.0013069816915563311,0.0010353206684764879,0.008084163708145775,0.010055033132439457,4.0
act_ccss_seniority,42.5 <= act_ccss_seniority < 128.5,0.47868999551368324,0.5582268970698723,2229,1067,1162,-0.08529167844791133,2,INT,0.5243243243243243,0.5934627170582226,0.008562219259265588,0.1362559241706161,0.16986301369863013,0.5948423832700367,0.3993787503372294,0.008084163708145775,0.010055033132439457,4.0
act_ccss_seniority,act_ccss_seniority = Missing,0.35311572700296734,0.0843976959679439,337,119,218,-0.6053711880572694,3,INT,0.05847665847665848,0.11133810010214505,0.033996936637629406,0.10781990521327015,0.09315068493150686,0.005730596376817579,0.01612186564178066,0.008084163708145775,0.010055033132439457,4.0
act_ccss_seniority,128.500 <= act_ccss_seniority,0.3155893536121673,0.1317305284247433,526,166,360,-0.7741159184618944,4,INT,0.08157248157248158,0.18386108273748722,0.0830590710196902,0.6327014218009479,0.5397260273972603,0.7858427022180441,0.8652366214679206,0.008084163708145775,0.010055033132439457,4.0
act_ccss_min_seniority,4.5 <= act_ccss_min_seniority < 16.5,0.7533081285444234,0.26496368645128976,1058,797,261,1.1163340137963391,0,INT,0.39164619164619163,0.13329928498467825,0.2783086968898039,0.24644549763033174,0.37534246575342467,0.0013411533874505422,0.0006930537910851354,-0.2612928275480597,-0.29169007095292016,4.0
act_ccss_min_seniority,16.5 <= act_ccss_min_seniority < 33.5,0.5289256198347108,0.09090909090909091,363,192,171,0.11583175156316873,1,INT,0.09434889434889435,0.08733401430030643,0.0005413698679239088,0.041469194312796206,0.043835616438356165,0.038741104456459695,0.0386595082317007,-0.2612928275480597,-0.29169007095292016,-4.0
act_ccss_min_seniority,act_ccss_min_seniority < 4.5,0.4636363636363636,0.3856749311294766,1540,714,826,-0.1457117921907491,2,INT,0.35085995085995086,0.4218590398365679,0.013080597420989737,0.4052132701421801,0.3835616438356164,0.0009653142095395784,0.0029133582305180573,-0.2612928275480597,-0.29169007095292016,-6.0
act_ccss_min_seniority,act_ccss_min_seniority = Missing,0.35311572700296734,0.0843976959679439,337,119,218,-0.6053711880572694,3,INT,0.05847665847665848,0.11133810010214505,0.033996936637629406,0.10781990521327015,0.09315068493150686,0.005730596376817579,0.01612186564178066,-0.2612928275480597,-0.29169007095292016,-9.0
act_ccss_min_seniority,33.500 <= act_ccss_min_seniority,0.3064748201438849,0.17405459554219885,695,213,482,-0.8166516863265754,4,INT,0.10466830466830467,0.24616956077630234,0.12093764574216045,0.1990521327014218,0.10410958904109589,0.0033528105127571895,2.9875303107336138e-06,-0.2612928275480597,-0.29169007095292016,-11.0
act_ccss_n_statC,act_ccss_n_statC < 1.5,0.651890482398957,0.5762584522915102,2301,1500,801,0.6273593818446694,0,INT,0.7371007371007371,0.4090909090909091,0.1930923034030695,0.4312796208530806,0.5589041095890411,0.04200635318959178,0.0493076128529476,0.6824595808812545,0.428147420795636,4.0
act_ccss_n_statC,1.5 <= act_ccss_n_statC < 6.5,0.6203007518796992,0.13323315802654645,532,330,202,0.4908247650401958,1,INT,0.16216216216216217,0.10316649642492338,0.02666016030921671,0.22274881516587677,0.3150684931506849,0.04597905836545053,0.10151360832578549,0.6824595808812545,0.428147420795636,6.0
act_ccss_n_statC,act_ccss_n_statC = Missing,0.35311572700296734,0.0843976959679439,337,119,218,-0.6053711880572694,2,INT,0.05847665847665848,0.11133810010214505,0.033996936637629406,0.10781990521327015,0.09315068493150686,0.005730596376817579,0.01612186564178066,0.6824595808812545,0.428147420795636,28.0
act_ccss_n_statC,6.5 <= act_ccss_n_statC < 10.5,0.26976744186046514,0.053844227397946406,215,58,157,-0.9958017076079163,3,INT,0.0285012285012285,0.08018386108273749,0.0533426242913876,0.022511848341232227,0.021917808219178082,0.027242772137968163,0.0017222101126287237,0.6824595808812545,0.428147420795636,36.0
act_ccss_n_statC,10.500 <= act_ccss_n_statC,0.046052631578947366,0.1522664663160531,608,28,580,-3.030820194356845,4,INT,0.013759213759213759,0.296220633299285,0.8650357878935142,0.2156398104265403,0.010958904109589041,0.02204026796654992,0.0006320700991646048,0.6824595808812545,0.428147420795636,76.0
act_ccss_n_statB,6.500 <= act_ccss_n_statB,0.6495016611295681,0.15076383671424995,602,391,211,0.6168492083302053,0,INT,0.19213759213759213,0.10776302349336057,0.048757527332891376,0.18601895734597157,0.2273972602739726,0.007403869308289871,0.005937944238668126,-0.021455648419624447,-0.01323489974185656,4.0
act_ccss_n_statB,3.5 <= act_ccss_n_statB < 6.5,0.5685714285714286,0.1753067868770348,700,398,302,0.27602490804004487,1,INT,0.1955773955773956,0.15423901940755874,0.009810247938689096,0.2156398104265403,0.2273972602739726,0.008347537421255663,0.004794325529861839,-0.021455648419624447,-0.01323489974185656,4.0
act_ccss_n_statB,act_ccss_n_statB < 0.5,0.5018754688672168,0.3338342098672677,1333,669,664,0.007501909526216248,2,INT,0.32874692874692873,0.3391215526046987,0.0003222468254092538,0.23933649289099526,0.23835616438356164,0.031435211826698554,0.029052213918960453,-0.021455648419624447,-0.01323489974185656,3.0
act_ccss_n_statB,0.5 <= act_ccss_n_statB < 3.5,0.4485798237022527,0.2556974705735036,1021,458,563,-0.20641040330479551,3,INT,0.22506142506142507,0.287538304392237,0.015299726419360117,0.25118483412322273,0.2136986301369863,8.031999992694267e-05,0.0005883995905748025,-0.021455648419624447,-0.01323489974185656,3.0
act_ccss_n_statB,act_ccss_n_statB = Missing,0.35311572700296734,0.0843976959679439,337,119,218,-0.6053711880572694,4,INT,0.05847665847665848,0.11133810010214505,0.033996936637629406,0.10781990521327015,0.09315068493150686,0.005730596376817579,0.01612186564178066,-0.021455648419624447,-0.01323489974185656,3.0
act_ccss_min_pninst,3.5 <= act_ccss_min_pninst < 11.5,0.7421965317919075,0.21662910092662158,865,642,223,1.0574162395626774,0,INT,0.3154791154791155,0.11389172625127682,0.2052731210770418,0.1943127962085308,0.29041095890410956,0.0024249895775700706,0.0020748440135574518,-0.24205619932379285,-0.25595415605179894,4.0
act_ccss_min_pninst,11.500 <= act_ccss_min_pninst,0.6597222222222222,0.03606311044327573,144,95,49,0.662055605306695,1,INT,0.04668304668304668,0.02502553626149132,0.013463091982668837,0.04383886255924171,0.06027397260273973,0.0015144026025518747,0.0034661918001940386,-0.24205619932379285,-0.25595415605179894,1.0
act_ccss_min_pninst,act_ccss_min_pninst < 2.5,0.6562009419152276,0.15952917605810168,637,418,219,0.6464094853217763,2,INT,0.20540540540540542,0.1118488253319714,0.05682911900244655,0.13744075829383887,0.21643835616438356,0.003289698266841469,0.0005769721231531816,-0.24205619932379285,-0.25595415605179894,1.0
act_ccss_min_pninst,2.5 <= act_ccss_min_pninst < 3.5,0.38735177865612647,0.2534435261707989,1012,392,620,-0.45845754443697595,3,INT,0.19262899262899263,0.3166496424923391,0.06161676669117769,0.2985781990521327,0.22465753424657534,0.007394468851743182,0.0049239775631146334,-0.24205619932379285,-0.25595415605179894,-7.0
act_ccss_min_pninst,act_ccss_min_pninst = Missing,0.36554307116104867,0.33433508640120213,1335,488,847,-0.5513852019446429,4,INT,0.2398034398034398,0.43258426966292135,0.11369669402972765,0.32582938388625593,0.20821917808219179,0.00021912437684011763,0.004458595296187042,-0.24205619932379285,-0.25595415605179894,-7.0
act_ccss_min_lninst,6.500 <= act_ccss_min_lninst,0.7958297132927888,0.28825444527923866,1151,916,235,1.3604305341684466,0,INT,0.45012285012285014,0.12002042900919306,0.4361471201390327,0.24052132701421802,0.3726027397260274,0.008638071271633574,0.014648318294012514,0.3395148699238424,0.46188639584862357,4.0
act_ccss_min_lninst,3.5 <= act_ccss_min_lninst < 6.5,0.6863905325443787,0.12697220135236664,507,348,159,0.7832979359799034,1,INT,0.171007371007371,0.08120531154239019,0.06681990859742903,0.1362559241706161,0.2328767123287671,0.0006546242342950361,0.01909580152610747,0.3395148699238424,0.46188639584862357,9.0
act_ccss_min_lninst,1.5 <= act_ccss_min_lninst < 3.5,0.4859154929577465,0.07112446781868269,284,138,146,-0.056352896844985394,2,INT,0.06781326781326781,0.0745658835546476,0.0006400929876988977,0.06635071090047394,0.09863013698630137,0.00033118380261499647,0.011530403448190731,0.3395148699238424,0.46188639584862357,18.0
act_ccss_min_lninst,act_ccss_min_lninst = Missing,0.36554307116104867,0.33433508640120213,1335,488,847,-0.5513852019446429,3,INT,0.2398034398034398,0.43258426966292135,0.11369669402972765,0.32582938388625593,0.20821917808219179,0.00021912437684011763,0.004458595296187042,0.3395148699238424,0.46188639584862357,23.0
act_ccss_min_lninst,act_ccss_min_lninst < 1.5,0.20251396648044692,0.1793137991485099,716,145,571,-1.3706549527118344,4,INT,0.07125307125307126,0.2916241062308478,0.3103194673625641,0.23104265402843602,0.08767123287671233,0.01310499869068113,0.003400093163457434,0.3395148699238424,0.46188639584862357,31.0
act_ccss_dueutl,0.023 <= act_ccss_dueutl,0.8567774936061381,0.0979213623841723,391,335,56,1.7887773538846439,0,INT,0.16461916461916462,0.028600612870275793,0.23766841384965035,0.10545023696682465,0.2136986301369863,0.0005571486217494202,0.012799561427200595,0.0992711656913577,0.17757401308243087,4.0
act_ccss_dueutl,0.009 <= act_ccss_dueutl < 0.023,0.770764119601329,0.15076383671424995,602,464,138,1.21263035794885,1,INT,0.228009828009828,0.07048008171603677,0.18479487486208968,0.13744075829383887,0.25205479452054796,0.0012318170475031053,0.002409689116580128,0.0992711656913577,0.17757401308243087,5.0
act_ccss_dueutl,act_ccss_dueutl < 0.003,0.48061497326203206,0.3746556473829201,1496,719,777,-0.07757898226467237,2,INT,0.35331695331695334,0.39683350357507663,0.005053152198873754,0.39691943127962087,0.3178082191780822,0.001284865637099871,0.0037598710261063082,0.0992711656913577,0.17757401308243087,9.0
act_ccss_dueutl,act_ccss_dueutl = Missing,0.36554307116104867,0.33433508640120213,1335,488,847,-0.5513852019446429,3,INT,0.2398034398034398,0.43258426966292135,0.11369669402972765,0.32582938388625593,0.20821917808219179,0.00021912437684011763,0.004458595296187042,0.0992711656913577,0.17757401308243087,10.0
act_ccss_dueutl,0.003 <= act_ccss_dueutl < 0.009,0.17159763313609466,0.042324067117455545,169,29,140,-1.5743438586383727,4,INT,0.01425061425061425,0.07150153217568948,0.09202075875226705,0.034360189573459717,0.00821917808219178,0.0016557784572238002,0.003288515626346443,0.0992711656913577,0.17757401308243087,13.0
act_ccss_cc,0.748 <= act_ccss_cc < 0.981,0.7388429752066116,0.15151515151515152,605,447,158,1.0399631523890314,0,INT,0.21965601965601966,0.08069458631256383,0.13904591733578578,0.15639810426540285,0.20273972602739726,0.0001547822012926107,0.0013550253854217864,0.10379093531738365,0.10793874828207235,4.0
act_ccss_cc,act_ccss_cc < 0.748,0.6352636127917026,0.2897570748810418,1157,735,422,0.5548650842644408,1,INT,0.36117936117936117,0.21552604698672115,0.07517253034954632,0.2014218009478673,0.27671232876712326,0.032109022945764024,0.022494563189418382,0.10379093531738365,0.10793874828207235,5.0
act_ccss_cc,0.981 <= act_ccss_cc < 1.369,0.4512987012987013,0.15426997245179064,616,278,338,-0.19542471793816066,2,INT,0.1366093366093366,0.17262512768130744,0.008422092213428914,0.20497630331753555,0.2191780821917808,0.014402118215296559,0.03901238349673093,0.10379093531738365,0.10793874828207235,7.0
act_ccss_cc,act_ccss_cc = Missing,0.36554307116104867,0.33433508640120213,1335,488,847,-0.5513852019446429,3,INT,0.2398034398034398,0.43258426966292135,0.11369669402972765,0.32582938388625593,0.20821917808219179,0.00021912437684011763,0.004458595296187042,0.10379093531738365,0.10793874828207235,9.0
act_ccss_cc,1.369 <= act_ccss_cc,0.3107142857142857,0.07012271475081393,280,87,193,-0.7967814389602559,4,INT,0.04275184275184275,0.09856996935648621,0.04655410318077144,0.11137440758293839,0.09315068493150686,0.01906336452420405,0.039187254585966474,0.10379093531738365,0.10793874828207235,9.0
agr3_Min_CMaxI_Days,agr3_Min_CMaxI_Days < 8.5,0.6685714285714286,0.0438266967192587,175,117,58,0.7017300548153814,0,INT,0.05749385749385749,0.0296220633299285,0.018437924260217564,0.03672985781990521,0.06301369863013699,0.0012505580475799568,0.000505186451612052,-0.028537096690597258,-0.020025338424964654,4.0
agr3_Min_CMaxI_Days,9.5 <= agr3_Min_CMaxI_Days < 11.5,0.6570605187319885,0.08690207863761583,347,228,119,0.650221734103525,1,INT,0.11203931203931204,0.06077630234933606,0.031316469111196704,0.0924170616113744,0.12876712328767123,0.00033895673588520787,0.0023258326281024315,-0.028537096690597258,-0.020025338424964654,4.0
agr3_Min_CMaxI_Days,8.5 <= agr3_Min_CMaxI_Days < 9.5,0.6312056737588653,0.035311795642374154,141,89,52,0.537391851670513,2,INT,0.04373464373464373,0.026557711950970377,0.008542877796426174,0.031990521327014215,0.038356164383561646,0.00032709329005624425,0.0007040722727803091,-0.028537096690597258,-0.020025338424964654,4.0
agr3_Min_CMaxI_Days,11.500 <= agr3_Min_CMaxI_Days,0.6158798283261803,0.11670423240671174,466,287,179,0.4720961996917992,3,INT,0.14103194103194103,0.09141981613891727,0.021488980206735057,0.05568720379146919,0.06575342465753424,0.04508882530693997,0.05738208577058017,-0.028537096690597258,-0.020025338424964654,4.0
agr3_Min_CMaxI_Days,agr3_Min_CMaxI_Days = Missing,0.45879888268156427,0.7172551965940396,2864,1314,1550,-0.16517899928136562,4,INT,0.6457002457002456,0.7916241062308478,0.029728008935764005,0.783175355450237,0.7041095890410959,0.0057952514991135495,0.005057418831300308,-0.028537096690597258,-0.020025338424964654,3.0
ags3_Max_CMaxI_Due,0.500 <= ags3_Max_CMaxI_Due,0.803030303030303,0.03305785123966942,132,106,26,1.405339653339917,0,INT,0.052088452088452086,0.013278855975485188,0.05282706715824502,0.01066350710900474,0.019178082191780823,0.025196281634033566,0.032775188353960254,-0.6404277506281458,-0.9000185130570213,4.0
ags3_Max_CMaxI_Due,ags3_Max_CMaxI_Due < 0.5,0.6367521367521367,0.2930127723516153,1170,745,425,0.5612949483892317,1,INT,0.36609336609336607,0.2170582226762002,0.07787612217502864,0.24052132701421802,0.32602739726027397,0.01035829348880782,0.00464258092954435,-0.6404277506281458,-0.9000185130570213,-12.0
ags3_Max_CMaxI_Due,ags3_Max_CMaxI_Due = Missing,0.43998513563730957,0.6739293764087152,2691,1184,1507,-0.241222365080087,2,INT,0.5818181818181818,0.7696629213483146,0.05255007612718174,0.7488151658767772,0.6547945205479452,0.007889369098540567,0.008621740539658607,-0.6404277506281458,-0.9000185130570213,-27.0
ags3_Mean_CMaxC_Days,ags3_Mean_CMaxC_Days < 13.833,0.7612655800575263,0.26120711244678185,1043,794,249,1.1596302891206596,0,INT,0.39017199017199017,0.127170582226762,0.2947005778801744,0.22511848341232227,0.34794520547945207,0.005363687762327842,0.004835453916457271,-0.11088599284043456,-0.12858675593698451,4.0
ags3_Mean_CMaxC_Days,13.833 <= ags3_Mean_CMaxC_Days < 14.167,0.6792452830188679,0.07963936889556725,318,216,102,0.7503050769710735,1,INT,0.10614250614250614,0.05209397344228805,0.03841538581818972,0.07464454976303317,0.11506849315068493,0.0003231005178036612,0.0007200766794845648,-0.11088599284043456,-0.12858675593698451,2.0
ags3_Mean_CMaxC_Days,14.167 <= ags3_Mean_CMaxC_Days < 14.583,0.5789473684210527,0.09992486851990984,399,231,168,0.31845356878095565,2,INT,0.11351351351351352,0.08580183861082738,0.007748107357227162,0.09597156398104266,0.1095890410958904,0.00015941885718793558,0.00013795695047894978,-0.11088599284043456,-0.12858675593698451,1.0
ags3_Mean_CMaxC_Days,ags3_Mean_CMaxC_Days = Missing,0.3651389932381668,0.3333333333333333,1331,486,845,-0.5531279160385727,3,INT,0.2388206388206388,0.43156281920326867,0.11400956909182659,0.32582938388625593,0.20821917808219179,0.0001708064076067104,0.004194237068430789,-0.11088599284043456,-0.12858675593698451,-2.0
ags3_Mean_CMaxC_Days,14.583 <= ags3_Mean_CMaxC_Days,0.34146341463414637,0.22589531680440772,902,308,594,-0.6567793800639526,4,INT,0.15135135135135136,0.30337078651685395,0.10565668318362548,0.278436018957346,0.2191780821917808,0.010982746164276849,0.025101061916619365,-0.11088599284043456,-0.12858675593698451,-2.0
ags3_Mean_CMaxC_Due,1.167 <= ags3_Mean_CMaxC_Due,0.7983425414364641,0.09065865264212372,362,289,73,1.3759662231226668,0,INT,0.142014742014742,0.0372829417773238,0.13986096952713434,0.0995260663507109,0.1917808219178082,0.0008266205380663185,0.014941752226223981,-0.14225673090991353,-0.19574045674389126,4.0
ags3_Mean_CMaxC_Due,0.833 <= ags3_Mean_CMaxC_Due < 1.167,0.7158351409978309,0.11545204107187579,461,330,131,0.9238948709311442,1,INT,0.16216216216216217,0.0669050051072523,0.08424981081203682,0.1018957345971564,0.16986301369863013,0.0016916915636158208,0.00035706950105788193,-0.14225673090991353,-0.19574045674389126,2.0
ags3_Mean_CMaxC_Due,0.583 <= ags3_Mean_CMaxC_Due < 0.833,0.6338912133891214,0.11970949161031806,478,303,175,0.5489465901903956,2,INT,0.14889434889434888,0.08937691521961184,0.0303495890658614,0.08886255924170616,0.1095890410958904,0.009182740404955954,0.012037600916327638,-0.14225673090991353,-0.19574045674389126,0.0
ags3_Mean_CMaxC_Due,ags3_Mean_CMaxC_Due < 0.583,0.46198406951484433,0.345855246681693,1381,638,743,-0.15235773922266266,3,INT,0.31351351351351353,0.3794688457609806,0.01258919851991229,0.38507109004739337,0.3232876712328767,0.004210926808092954,0.0002999732495186684,-0.14225673090991353,-0.19574045674389126,-2.0
ags3_Mean_CMaxC_Due,ags3_Mean_CMaxC_Due = Missing,0.36231884057971014,0.32832456799398946,1311,475,836,-0.5653137181409845,4,INT,0.2334152334152334,0.42696629213483145,0.11684521366936759,0.3246445497630332,0.2054794520547945,4.146759884541243e-05,0.0035594299619360775,-0.14225673090991353,-0.19574045674389126,-4.0
ags3_Mean_CMaxA_Days,ags3_Mean_CMaxA_Days < 14.167,0.7265275707898659,0.33608815426997246,1342,975,367,0.9770754530278473,0,INT,0.47911547911547914,0.1874361593462717,0.2736473167569909,0.28672985781990523,0.4410958904109589,0.007837197975953166,0.003142751498609513,-0.02246663406338315,-0.021951596655490953,4.0
ags3_Mean_CMaxA_Days,14.167 <= ags3_Mean_CMaxA_Days < 14.583,0.6182212581344902,0.11545204107187579,461,285,176,0.48200496792597336,1,INT,0.14004914004914004,0.0898876404494382,0.022223290399311233,0.10426540284360189,0.1095890410958904,0.0011390544958202035,0.007464481127880277,-0.02246663406338315,-0.021951596655490953,3.0
ags3_Mean_CMaxA_Days,14.583 <= ags3_Mean_CMaxA_Days < 14.833,0.4590818363273453,0.12546957175056347,501,230,271,-0.16403944617761324,2,INT,0.11302211302211303,0.13840653728294178,0.005139067646230957,0.1623222748815166,0.1589041095890411,0.009483660522814102,0.01562108397334477,-0.02246663406338315,-0.021951596655490953,3.0
ags3_Mean_CMaxA_Days,14.833 <= ags3_Mean_CMaxA_Days,0.3415061295971979,0.14300025043826697,571,195,376,-0.6565893379631779,3,INT,0.09582309582309582,0.1920326864147089,0.0668309745120196,0.15876777251184834,0.1232876712328767,0.0016481286287570221,0.006915151977430716,-0.02246663406338315,-0.021951596655490953,3.0
ags3_Mean_CMaxA_Days,ags3_Mean_CMaxA_Days = Missing,0.31305903398926654,0.27998998246932133,1118,350,768,-0.7858564231582927,4,INT,0.171990171990172,0.3922369765066394,0.18150594425985975,0.28791469194312796,0.16712328767123288,0.00022110395120210688,0.00013962421385846086,-0.02246663406338315,-0.021951596655490953,3.0
ags3_Max_CMaxA_Days,ags3_Max_CMaxA_Days < 14.5,0.7169811320754716,0.11945905334335086,477,342,135,0.9295355102813273,0,INT,0.16805896805896806,0.06894790602655772,0.08821966977402,0.1066350710900474,0.1726027397260274,0.0014550170605764428,0.00012114639757878185,-0.027853315947268302,-0.025890646252071072,4.0
ags3_Max_CMaxA_Days,14.500 <= ags3_Max_CMaxA_Days,0.5600500417014178,0.6005509641873278,2398,1343,1055,0.2413651302865063,1,INT,0.65995085995086,0.5388151174668029,0.024561339670992104,0.6054502369668247,0.6602739726027397,3.97993398510314e-05,1.581336329258106e-07,-0.027853315947268302,-0.025890646252071072,3.0
ags3_Max_CMaxA_Days,ags3_Max_CMaxA_Days = Missing,0.31305903398926654,0.27998998246932133,1118,350,768,-0.7858564231582927,2,INT,0.171990171990172,0.3922369765066394,0.18150594425985975,0.28791469194312796,0.16712328767123288,0.00022110395120210688,0.00013962421385846086,-0.027853315947268302,-0.025890646252071072,2.0
agr3_Min_CMaxA_Due,0.500 <= agr3_Min_CMaxA_Due,0.7634543178973717,0.20010017530678686,799,610,189,1.171711576941738,0,INT,0.29975429975429974,0.0965270684371808,0.23014219378717607,0.19312796208530805,0.3506849315068493,0.0002471447388838775,0.007989825146028622,0.09718384555996731,0.11387143693433163,4.0
agr3_Min_CMaxA_Due,agr3_Min_CMaxA_Due < 0.5,0.5197272284461764,0.5141497620836464,2053,1067,986,0.07894988899995278,1,INT,0.5243243243243243,0.5035750766087844,0.0008376422535810672,0.514218009478673,0.4794520547945205,9.056684573505635e-09,0.004013765586222679,0.09718384555996731,0.11387143693433163,7.0
agr3_Min_CMaxA_Due,agr3_Min_CMaxA_Due = Missing,0.3137598597721297,0.28575006260956676,1141,358,783,-0.7825995579744455,2,INT,0.1759213759213759,0.39989785495403474,0.1838519310944807,0.29265402843601895,0.16986301369863013,0.00016476553538365347,0.00021219168237486338,0.09718384555996731,0.11387143693433163,9.0
act3_n_arrears_days,0.000 <= act3_n_arrears_days,0.5800456472122595,0.7680941647883797,3067,1779,1288,0.32296075957314074,0,INT,0.8742014742014742,0.6578140960163432,0.06152994199211748,0.7251184834123223,0.8410958904109589,0.002474090811493703,0.0012778985065498565,-0.7717374663015782,-0.2492409183078088,4.0
act3_n_arrears_days,act3_n_arrears_days = Missing,0.27645788336933047,0.23190583521162034,926,256,670,-0.9621000265342458,1,INT,0.1257985257985258,0.3421859039836568,0.21642419275668326,0.27488151658767773,0.1589041095890411,0.007303345734603479,0.007728624889355929,-0.7717374663015782,-0.2492409183078088,-25.0
act3_n_good_days,2.500 <= act3_n_good_days,0.7116704805491991,0.10944152266466316,437,311,126,0.903510533120634,0,INT,0.15282555282555282,0.06435137895812053,0.07644523361073391,0.09360189573459715,0.1506849315068493,0.0024739162312945803,3.0175682086785377e-05,0.1016318560204206,0.09182545241504973,4.0
act3_n_good_days,1.5 <= act3_n_good_days < 2.5,0.7114583333333333,0.24042073628850488,960,683,277,0.9024771387855601,1,INT,0.3356265356265356,0.14147088866189989,0.16765269732809465,0.2132701421800948,0.29863013698630136,0.0032520409595749515,0.004319563823061043,0.1016318560204206,0.09182545241504973,4.0
act3_n_good_days,0.5 <= act3_n_good_days < 1.5,0.552319309600863,0.23215627347858753,927,512,415,0.2100460591574641,2,INT,0.2515970515970516,0.21195097037793667,0.006795319133462735,0.25829383886255924,0.2821917808219178,0.002787402476929911,0.0035096753320177803,0.1016318560204206,0.09182545241504973,6.0
act3_n_good_days,act3_n_good_days < 0.5,0.3674293405114401,0.18607563235662408,743,273,470,-0.5432607459847802,3,INT,0.13415233415233416,0.24004085801838612,0.06157465733459917,0.15995260663507108,0.1095890410958904,0.003949486327831158,0.004963545314771449,0.1016318560204206,0.09182545241504973,8.0
act3_n_good_days,act3_n_good_days = Missing,0.27645788336933047,0.23190583521162034,926,256,670,-0.9621000265342458,4,INT,0.1257985257985258,0.3421859039836568,0.21642419275668326,0.27488151658767773,0.1589041095890411,0.007303345734603479,0.007728624889355929,0.1016318560204206,0.09182545241504973,9.0
ags6_Mean_CMaxI_Days,ags6_Mean_CMaxI_Days < 11.917,0.7242424242424242,0.08264462809917356,330,239,91,0.9656033649241198,0,INT,0.11744471744471745,0.04647599591419816,0.0656981255208892,0.06872037914691943,0.1178082191780822,0.002565670768001656,1.1223781451370472e-06,0.031421815174860646,0.03034101046486921,4.0
ags6_Mean_CMaxI_Days,13.917 <= ags6_Mean_CMaxI_Days,0.6728110599078341,0.054345103931880794,217,146,71,0.7209260211485811,1,INT,0.07174447174447174,0.03626149131767109,0.02416367492012766,0.034360189573459717,0.0410958904109589,0.009140863893313497,0.017045673259720378,0.031421815174860646,0.03034101046486921,4.0
ags6_Mean_CMaxI_Days,11.917 <= ags6_Mean_CMaxI_Days < 12.367,0.6682242990654206,0.053593789130979216,214,143,71,0.7001640440693343,2,INT,0.07027027027027027,0.03626149131767109,0.022454656553974304,0.0533175355450237,0.07397260273972603,1.4249886872394876e-06,0.00018983655554497594,0.031421815174860646,0.03034101046486921,4.0
ags6_Mean_CMaxI_Days,12.367 <= ags6_Mean_CMaxI_Days < 13.917,0.6199460916442049,0.1858251940896569,742,460,282,0.4893192813264417,3,INT,0.22604422604422605,0.14402451481103168,0.03694949867709357,0.13507109004739337,0.1726027397260274,0.016180565745435253,0.014407884296685294,0.031421815174860646,0.03034101046486921,4.0
ags6_Mean_CMaxI_Days,ags6_Mean_CMaxI_Days = Missing,0.42048192771084336,0.6235912847483095,2490,1047,1443,-0.3207953216924217,4,INT,0.5144963144963145,0.736976506639428,0.0799391258042744,0.7085308056872038,0.5945205479452055,0.010845006305001766,0.011566761089907665,0.031421815174860646,0.03034101046486921,5.0
agr6_Max_CMaxI_Days,agr6_Max_CMaxI_Days < 14.5,0.6772486772486772,0.0473328324567994,189,128,61,0.7411555416530821,0,INT,0.0628992628992629,0.03115423901940756,0.022252246238920373,0.0462085308056872,0.057534246575342465,2.697026743359229e-05,0.00047751905436879677,-1.1273723605341395,-0.8355582725163938,4.0
agr6_Max_CMaxI_Days,14.500 <= agr6_Max_CMaxI_Days,0.6317169069462647,0.19108439769596794,763,482,281,0.5395892963138899,1,INT,0.23685503685503687,0.1435137895812053,0.04673995056120155,0.13151658767772512,0.19452054794520549,0.02223936417398206,0.008332216971478198,-1.1273723605341395,-0.8355582725163938,-3.0
agr6_Max_CMaxI_Days,agr6_Max_CMaxI_Days = Missing,0.4685958566261098,0.7615827698472326,3041,1425,1616,-0.12578213808403987,2,INT,0.7002457002457002,0.8253319713993871,0.020555774724749277,0.8222748815165877,0.7479452054794521,0.004653033259913484,0.0031428889492556645,-1.1273723605341395,-0.8355582725163938,-24.0
ags6_Max_CMaxI_Days,ags6_Max_CMaxI_Days < 13.5,0.7578125,0.03205609817180065,128,97,31,1.1407215791442915,0,INT,0.047665847665847666,0.015832482124616958,0.03495147469828512,0.027251184834123223,0.04657534246575343,0.000777638044928605,2.5185079659810036e-05,-0.24488438540339258,-0.2793449028251373,4.0
ags6_Max_CMaxI_Days,14.500 <= ags6_Max_CMaxI_Days,0.6492602262837249,0.2877535687453043,1149,746,403,0.6157889241663993,1,INT,0.3665847665847666,0.20582226762002043,0.09276056900376412,0.20497630331753555,0.2821917808219178,0.02806726982234373,0.02207394012407985,-0.24488438540339258,-0.2793449028251373,0.0
ags6_Max_CMaxI_Days,13.5 <= ags6_Max_CMaxI_Days < 14.5,0.6415929203539823,0.056599048334585525,226,145,81,0.582284042835931,2,INT,0.07125307125307126,0.04136874361593463,0.016218236870368382,0.05924170616113744,0.07671232876712329,0.00012038611971523098,0.0004024825057026558,-0.24488438540339258,-0.2793449028251373,-0.0
ags6_Max_CMaxI_Days,ags6_Max_CMaxI_Days = Missing,0.42048192771084336,0.6235912847483095,2490,1047,1443,-0.3207953216924217,3,INT,0.5144963144963145,0.736976506639428,0.0799391258042744,0.7085308056872038,0.5945205479452055,0.010845006305001766,0.011566761089907665,-0.24488438540339258,-0.2793449028251373,-7.0
agr6_Min_CMaxI_Days,6.5 <= agr6_Min_CMaxI_Days < 9.5,0.6938202247191011,0.08915602304032057,356,247,109,0.8180399418262794,0,INT,0.12137592137592138,0.055669050051072526,0.05115260274723417,0.061611374407582936,0.09041095890410959,0.010165094740815082,0.00911128937473725,0.5283228518127827,0.4321891949624228,4.0
agr6_Min_CMaxI_Days,9.5 <= agr6_Min_CMaxI_Days < 10.5,0.6461538461538462,0.048835462058602556,195,126,69,0.6021747467303852,1,INT,0.06191646191646192,0.035240040858018386,0.015002372147858066,0.035545023696682464,0.04657534246575343,0.004211643956736586,0.0043596982038200715,0.5283228518127827,0.4321891949624228,7.0
agr6_Min_CMaxI_Days,agr6_Min_CMaxI_Days < 6.5,0.6376811594202898,0.01728024042073629,69,44,25,0.5653120817827506,2,INT,0.021621621621621623,0.012768130745658836,0.004635283950503878,0.024881516587677725,0.04657534246575343,0.0027577601874973134,0.019087297560972646,0.5283228518127827,0.4321891949624228,8.0
agr6_Min_CMaxI_Days,10.500 <= agr6_Min_CMaxI_Days,0.5813253012048193,0.08314550463310794,332,193,139,0.328216054484573,3,INT,0.09484029484029484,0.07099080694586313,0.006899422830454039,0.05568720379146919,0.0684931506849315,0.010990174165956126,0.008564284990604572,0.5283228518127827,0.4321891949624228,11.0
agr6_Min_CMaxI_Days,agr6_Min_CMaxI_Days = Missing,0.4685958566261098,0.7615827698472326,3041,1425,1616,-0.12578213808403987,4,INT,0.7002457002457002,0.8253319713993871,0.020555774724749277,0.8222748815165877,0.7479452054794521,0.004653033259913484,0.0031428889492556645,0.5283228518127827,0.4321891949624228,18.0
agr6_Mean_CMaxI_Due,0.417 <= agr6_Mean_CMaxI_Due,0.8285714285714286,0.017530678687703482,70,58,12,1.5755297515962525,0,INT,0.0285012285012285,0.006128702757916241,0.03410202901003919,0.004739336492890996,0.005479452054794521,0.016537451365355855,0.0376258497870227,-1.127600472188009,-1.776568091846191,4.0
agr6_Mean_CMaxI_Due,0.083 <= agr6_Mean_CMaxI_Due < 0.417,0.725,0.020035061357375407,80,58,22,0.9693977358803334,1,INT,0.0285012285012285,0.011235955056179775,0.015978494925446857,0.01066350710900474,0.019178082191780823,0.005869415676050442,0.0036778027613545475,-1.127600472188009,-1.776568091846191,-16.0
agr6_Mean_CMaxI_Due,agr6_Mean_CMaxI_Due < 0.083,0.636986301369863,0.2193839218632607,876,558,318,0.5623074443472282,2,INT,0.2742014742014742,0.16241062308478038,0.0585207666088492,0.17180094786729858,0.2465753424657534,0.011627401909557081,0.0029326438169595412,-1.127600472188009,-1.776568091846191,-29.0
agr6_Mean_CMaxI_Due,agr6_Mean_CMaxI_Due = Missing,0.4587125042130098,0.7430503380916604,2967,1361,1606,-0.16552688064635662,3,INT,0.6687960687960688,0.8202247191011236,0.030902281772567243,0.8127962085308057,0.7287671232876712,0.006256558404449162,0.005149279528514854,-1.127600472188009,-1.776568091846191,-53.0
ags6_Mean_CMaxI_Due,0.450 <= ags6_Mean_CMaxI_Due,0.845360824742268,0.02429251189581768,97,82,15,1.6986635990290502,0,INT,0.040294840294840296,0.007660878447395302,0.05383319661436679,0.005924170616113744,0.00821917808219178,0.02568805883878022,0.05068399196934047,0.7789239365007146,1.3231297373461792,4.0
ags6_Mean_CMaxI_Due,0.083 <= ags6_Mean_CMaxI_Due < 0.45,0.7204301075268817,0.02329075882794891,93,67,26,0.9465937277592339,1,INT,0.03292383292383293,0.013278855975485188,0.017750296757959073,0.01066350710900474,0.019178082191780823,0.009801014952854913,0.007398797380234459,0.7789239365007146,1.3231297373461792,21.0
ags6_Mean_CMaxI_Due,ags6_Mean_CMaxI_Due < 0.083,0.639331814730448,0.32982719759579265,1317,842,475,0.5724651184462305,2,INT,0.41375921375921376,0.2425944841675179,0.09135446175645363,0.27488151658767773,0.3780821917808219,0.010009352168325391,0.003216275834700869,0.7789239365007146,1.3231297373461792,29.0
ags6_Mean_CMaxI_Due,ags6_Mean_CMaxI_Due = Missing,0.41995172968624295,0.6225895316804407,2486,1044,1442,-0.3229715229649995,3,INT,0.513022113022113,0.7364657814096016,0.08077146614425035,0.7085308056872038,0.5945205479452055,0.011111056400049462,0.012013652803951913,0.7789239365007146,1.3231297373461792,49.0
agr6_Min_CMaxI_Due,0.000 <= agr6_Min_CMaxI_Due,0.6569200779727096,0.2569496619083396,1026,674,352,0.6495987995912827,0,INT,0.3312039312039312,0.1797752808988764,0.09248844750316834,0.1872037914691943,0.27123287671232876,0.022077180061809573,0.011975606724285048,-0.43255316577663394,-0.28098601724791056,4.0
agr6_Min_CMaxI_Due,agr6_Min_CMaxI_Due = Missing,0.4587125042130098,0.7430503380916604,2967,1361,1606,-0.16552688064635662,1,INT,0.6687960687960688,0.8202247191011236,0.030902281772567243,0.8127962085308057,0.7287671232876712,0.006256558404449162,0.005149279528514854,-0.43255316577663394,-0.28098601724791056,-6.0
agr6_Mean_CMaxC_Days,agr6_Mean_CMaxC_Days < 14.25,0.7512908777969018,0.2910092662158778,1162,873,289,1.1055086362539994,0,INT,0.42899262899262897,0.14759959141981613,0.30010353338691365,0.28080568720379145,0.4383561643835616,0.00036406065545129776,0.00020213087817362187,-0.14336404464864405,-0.15849018948737997,4.0
agr6_Mean_CMaxC_Days,14.25 <= agr6_Mean_CMaxC_Days < 14.583,0.5478036175710594,0.09691960931630353,387,212,175,0.19180020101809211,1,INT,0.10417690417690417,0.08937691521961184,0.002265423054584122,0.08175355450236967,0.1095890410958904,0.002577947018463089,0.00027385175983371307,-0.14336404464864405,-0.15849018948737997,0.0
agr6_Mean_CMaxC_Days,agr6_Mean_CMaxC_Days = Missing,0.4597156398104265,0.4227397946406211,1688,776,912,-0.16148745067425838,2,INT,0.38132678132678133,0.46578140960163433,0.016891956569648002,0.3886255924170616,0.31232876712328766,0.002869676268827531,0.01376803012146552,-0.14336404464864405,-0.15849018948737997,-1.0
agr6_Mean_CMaxC_Days,14.583 <= agr6_Mean_CMaxC_Days < 14.75,0.3215686274509804,0.0638617580766341,255,82,173,-0.7465717057565893,3,INT,0.040294840294840296,0.08835546475995915,0.037669780048840286,0.08056872037914692,0.0547945205479452,0.003877109922675796,0.004447218307713797,-0.14336404464864405,-0.15849018948737997,-4.0
agr6_Mean_CMaxC_Days,14.750 <= agr6_Mean_CMaxC_Days,0.18363273453093812,0.12546957175056347,501,92,409,-1.491925736536578,4,INT,0.04520884520884521,0.20888661899897856,0.2502253353663168,0.16824644549763032,0.08493150684931507,0.012540642412466812,0.025006193460006224,-0.14336404464864405,-0.15849018948737997,-7.0
ags6_Mean_CMaxC_Due,0.708 <= ags6_Mean_CMaxC_Due,0.7813822284908322,0.17756073127973954,709,554,155,1.2737391051723537,0,INT,0.27223587223587226,0.07916241062308478,0.23830519222957522,0.1646919431279621,0.2958904109589041,0.0009676299189007968,0.0019702085163363216,0.47944630097691554,0.6106895023845313,4.0
ags6_Mean_CMaxC_Due,0.367 <= ags6_Mean_CMaxC_Due < 0.708,0.6209048361934477,0.16053092912597045,641,398,243,0.49339040167758996,1,INT,0.1955773955773956,0.12410623084780388,0.03248536154667903,0.1552132701421801,0.21095890410958903,0.00017902001532827248,0.0011639171919095664,0.47944630097691554,0.6106895023845313,15.0
ags6_Mean_CMaxC_Due,0.183 <= ags6_Mean_CMaxC_Due < 0.367,0.5167958656330749,0.09691960931630353,387,200,187,0.06720871493410972,2,INT,0.09828009828009827,0.09550561797752809,7.936940976176507e-05,0.08293838862559241,0.09315068493150686,0.0021756191713450616,0.00027466534670084734,0.47944630097691554,0.6106895023845313,20.0
ags6_Mean_CMaxC_Due,ags6_Mean_CMaxC_Due < 0.183,0.43788819875776397,0.24192336589030805,966,423,543,-0.24973708864311164,3,INT,0.20786240786240787,0.2773237997957099,0.02001800687174567,0.2725118483412322,0.19452054794520549,0.0036404792996446314,0.0008846397211954668,0.47944630097691554,0.6106895023845313,25.0
ags6_Mean_CMaxC_Due,ags6_Mean_CMaxC_Due = Missing,0.35658914728682173,0.3230653643876784,1290,460,830,-0.5901991143981428,4,INT,0.22604422604422605,0.42390194075587334,0.1243664479830052,0.3246445497630332,0.2054794520547945,7.698080654845089e-06,0.0019606533019451188,0.47944630097691554,0.6106895023845313,30.0
agr6_Mean_CMaxA_Days,agr6_Mean_CMaxA_Days < 14.417,0.7398485891259463,0.36388680190333084,1453,1075,378,1.0451815734151975,0,INT,0.5282555282555282,0.1930541368743616,0.3373067575516778,0.32109004739336494,0.4958904109589041,0.005353215457512273,0.002045890084203639,0.03433062500670129,0.03588173666083118,4.0
agr6_Mean_CMaxA_Days,14.417 <= agr6_Mean_CMaxA_Days < 14.583,0.5783582089552238,0.06711745554720762,268,155,113,0.3160370584126275,1,INT,0.07616707616707617,0.057711950970377936,0.005112915323730762,0.058056872037914695,0.07671232876712329,0.0013118720936589534,3.884280256872329e-06,0.03433062500670129,0.03588173666083118,5.0
agr6_Mean_CMaxA_Days,14.583 <= agr6_Mean_CMaxA_Days < 14.75,0.3961661341853035,0.07838717756073128,313,124,189,-0.42146517210370693,2,INT,0.060933660933660934,0.0965270684371808,0.01635279962075533,0.09123222748815166,0.07397260273972603,0.001946904199538042,0.002524602517211323,0.03433062500670129,0.03588173666083118,5.0
agr6_Mean_CMaxA_Days,agr6_Mean_CMaxA_Days = Missing,0.38945827232796487,0.3420986726771851,1366,532,834,-0.4495898449512648,3,INT,0.26142506142506144,0.42594484167517876,0.08028803612319403,0.3459715639810427,0.2465753424657534,4.3585918911781e-05,0.0008680707196218256,0.03433062500670129,0.03588173666083118,5.0
agr6_Mean_CMaxA_Days,14.750 <= agr6_Mean_CMaxA_Days,0.25126475548060706,0.1485098923115452,593,149,444,-1.091877810571251,4,INT,0.07321867321867322,0.22676200204290092,0.17343127186587404,0.18364928909952608,0.10684931506849316,0.0074582515481402085,0.012696902577424334,0.03433062500670129,0.03588173666083118,6.0
agr6_Mean_CMaxA_Due,0.917 <= agr6_Mean_CMaxA_Due,0.8198614318706697,0.1084397695967944,433,355,78,1.5154079624254648,0,INT,0.17444717444717445,0.03983656792645557,0.19853754057405693,0.11848341232227488,0.2191780821917808,0.0008888620650593843,0.010205162480734827,0.051451519145342156,0.07797004179173775,4.0
agr6_Mean_CMaxA_Due,0.75 <= agr6_Mean_CMaxA_Due < 0.917,0.7416974169741697,0.06786877034810919,271,201,70,1.0548087349516226,1,INT,0.09877149877149877,0.03575076608784474,0.06393176535708846,0.045023696682464455,0.07397260273972603,0.009358274395112246,0.007161308256344874,0.051451519145342156,0.07797004179173775,4.0
agr6_Mean_CMaxA_Due,0.417 <= agr6_Mean_CMaxA_Due < 0.75,0.6224961479198767,0.162534435261708,649,404,245,0.5001565067779628,2,INT,0.19852579852579852,0.12512768130745658,0.03385775247445815,0.15165876777251186,0.20273972602739726,0.0007527348295136343,8.846506646385184e-05,0.051451519145342156,0.07797004179173775,5.0
agr6_Mean_CMaxA_Due,agr6_Mean_CMaxA_Due < 0.417,0.45625451916124365,0.34635612321562737,1383,631,752,-0.17543043590874843,3,INT,0.3100737100737101,0.3840653728294178,0.015829822402755843,0.36611374407582936,0.3041095890410959,0.0010957770363426507,0.00011579695329316794,0.051451519145342156,0.07797004179173775,6.0
agr6_Mean_CMaxA_Due,agr6_Mean_CMaxA_Due = Missing,0.3532219570405728,0.3148009015777611,1257,444,813,-0.6049064448916085,4,INT,0.21818181818181817,0.41521961184882533,0.1267468072008508,0.3187203791469194,0.2,4.848346037623706e-05,0.0015812678232485925,0.051451519145342156,0.07797004179173775,7.0
agr6_Min_CMaxA_Due,0.500 <= agr6_Min_CMaxA_Due,0.8490566037735849,0.06636614074630603,265,225,40,1.7272188925379544,0,INT,0.11056511056511056,0.020429009193054137,0.1518495543998906,0.06753554502369669,0.12876712328767123,2.0395582962811894e-05,0.00277167876864689,0.7075830841039863,1.2221508709046773,4.0
agr6_Min_CMaxA_Due,agr6_Min_CMaxA_Due < 0.5,0.5528126264670175,0.6188329576759329,2471,1366,1105,0.2120414088875882,1,INT,0.6712530712530712,0.5643513789581205,0.01854112962867691,0.6137440758293838,0.6712328767123288,4.201386761955318e-05,6.074681520957548e-10,0.7075830841039863,1.2221508709046773,35.0
agr6_Min_CMaxA_Due,agr6_Min_CMaxA_Due = Missing,0.3532219570405728,0.3148009015777611,1257,444,813,-0.6049064448916085,2,INT,0.21818181818181817,0.41521961184882533,0.1267468072008508,0.3187203791469194,0.2,4.848346037623706e-05,0.0015812678232485925,0.7075830841039863,1.2221508709046773,51.0
ags9_Mean_CMaxI_Days,ags9_Mean_CMaxI_Days < 11.944,0.7421383647798742,0.07963936889556725,318,236,82,1.0571117619786292,0,INT,0.11597051597051597,0.04187946884576098,0.0753518723260549,0.06516587677725119,0.11506849315068493,0.0028989549117247487,7.03730134073363e-06,0.6072793195034443,0.6419621114534689,4.0
ags9_Mean_CMaxI_Days,12.211 <= ags9_Mean_CMaxI_Days < 12.817,0.6853932584269663,0.1114450288004007,445,305,140,0.7786689675814469,1,INT,0.14987714987714987,0.07150153217568948,0.05794830422509907,0.08886255924170616,0.1178082191780822,0.005108442689189255,0.00771502886457612,0.6072793195034443,0.6419621114534689,9.0
ags9_Mean_CMaxI_Days,12.817 <= ags9_Mean_CMaxI_Days,0.6315151515151515,0.2066115702479339,825,521,304,0.5387222033383922,2,INT,0.25601965601965604,0.15526046986721145,0.05036918593098592,0.14099526066350712,0.18082191780821918,0.02505815809507116,0.02613716944433384,0.6072793195034443,0.6419621114534689,13.0
ags9_Mean_CMaxI_Days,11.944 <= ags9_Mean_CMaxI_Days < 12.211,0.55,0.035061357375406964,140,77,63,0.20067040686227902,3,INT,0.03783783783783784,0.032175689479060264,0.0009151995083914757,0.03909952606635071,0.06301369863013699,0.0004390175001095461,0.012814232836998637,0.6072793195034443,0.6419621114534689,19.0
ags9_Mean_CMaxI_Days,ags9_Mean_CMaxI_Days = Missing,0.3955849889624724,0.5672426746806912,2265,896,1369,-0.42389537375239805,4,INT,0.4402948402948403,0.6991828396322778,0.11970556674337171,0.6658767772511849,0.5232876712328767,0.01581019002962246,0.014328774160610389,0.6072793195034443,0.6419621114534689,30.0
ags9_Max_CMaxI_Days,ags9_Max_CMaxI_Days < 13.5,0.7156862745098039,0.025544703230653644,102,73,29,0.9231615327540759,0,INT,0.03587223587223587,0.01481103166496425,0.018547467260784593,0.022511848341232227,0.0410958904109589,0.0003817242658282728,0.0007082810071323424,0.8303058413700646,0.7665064131738514,4.0
ags9_Max_CMaxI_Days,14.500 <= ags9_Max_CMaxI_Days,0.6567060458651841,0.3603806661657901,1439,945,494,0.6486493136967911,1,INT,0.4643734643734644,0.2522982635342186,0.12934385454750397,0.2713270142180095,0.3780821917808219,0.025268532540565502,0.017735303823959447,0.8303058413700646,0.7665064131738514,10.0
ags9_Max_CMaxI_Days,13.5 <= ags9_Max_CMaxI_Days < 14.5,0.6470588235294118,0.046831955922865015,187,121,66,0.6061351148658877,2,INT,0.05945945945945946,0.033707865168539325,0.01458265554978834,0.04028436018957346,0.057534246575342465,0.0009838169875650822,6.325899647070957e-05,0.8303058413700646,0.7665064131738514,11.0
ags9_Max_CMaxI_Days,ags9_Max_CMaxI_Days = Missing,0.3955849889624724,0.5672426746806912,2265,896,1369,-0.42389537375239805,3,INT,0.4402948402948403,0.6991828396322778,0.11970556674337171,0.6658767772511849,0.5232876712328767,0.01581019002962246,0.014328774160610389,0.8303058413700646,0.7665064131738514,36.0
ags9_Min_CMaxI_Due,0.000 <= ags9_Min_CMaxI_Due,0.6591695501730104,0.43425995492111197,1734,1143,591,0.6595955646730491,0,INT,0.5616707616707617,0.3018386108273749,0.16132202594730619,0.3341232227488152,0.4767123287671233,0.02624228046944077,0.013930710414178994,-1.2988821261299042,-0.8567368894283848,4.0
ags9_Min_CMaxI_Due,ags9_Min_CMaxI_Due = Missing,0.39486498450641877,0.5657400450788881,2259,892,1367,-0.42690766518921003,1,INT,0.4383292383292383,0.6981613891726252,0.12092460697650446,0.6658767772511849,0.5232876712328767,0.016316616455273162,0.015048178148134334,-1.2988821261299042,-0.8567368894283848,-37.0
agr9_Max_CMaxC_Days,15.500 <= agr9_Max_CMaxC_Days,0.5897435897435898,0.029301277235161533,117,69,48,0.36290485963251734,0,INT,0.033906633906633905,0.024514811031664963,0.0030355055656939773,0.04739336492890995,0.06027397260273973,0.008676095006840901,0.015134917655207615,-3.259374013962126,-1.1828426690268,4.0
agr9_Max_CMaxC_Days,agr9_Max_CMaxC_Days < 15.5,0.5192211682476285,0.5016278487352868,2003,1040,963,0.07692257264897981,1,INT,0.5110565110565111,0.49182839632277836,0.0007372570119279369,0.5355450236966824,0.5835616438356165,0.0022186524445522997,0.00961748762031399,-3.259374013962126,-1.1828426690268,-23.0
agr9_Max_CMaxC_Days,agr9_Max_CMaxC_Days = Missing,0.49439402028830753,0.4690708740295517,1873,926,947,-0.022424856145159305,2,INT,0.45503685503685504,0.48365679264555667,0.0017453620490560835,0.41706161137440756,0.3561643835616438,0.006110741723938039,0.024216344856422715,-3.259374013962126,-1.1828426690268,-32.0
ags9_Min_CMaxC_Days,ags9_Min_CMaxC_Days < 11.5,0.7774269928966061,0.317305284247433,1267,985,282,1.2507343171469467,0,INT,0.48402948402948404,0.14402451481103168,0.41197544892384763,0.29265402843601895,0.473972602739726,0.0019929725215859615,0.00021111324367252004,0.22534319138284079,0.2818444625979311,4.0
ags9_Min_CMaxC_Days,11.5 <= ags9_Min_CMaxC_Days < 12.5,0.7289972899728997,0.09241172051089407,369,269,100,0.9895405653613905,1,INT,0.1321867321867322,0.05107252298263534,0.07703976564286351,0.0971563981042654,0.14794520547945206,0.000237307070553841,0.0017735513903836806,0.22534319138284079,0.2818444625979311,5.0
ags9_Min_CMaxC_Days,12.5 <= ags9_Min_CMaxC_Days < 13.5,0.43817787418655096,0.11545204107187579,461,202,259,-0.2485602553492621,2,INT,0.09926289926289926,0.13227783452502553,0.009471371489343466,0.0971563981042654,0.09863013698630137,0.003153624184969578,4.04243852324523e-06,0.22534319138284079,0.2818444625979311,14.0
ags9_Min_CMaxC_Days,ags9_Min_CMaxC_Days = Missing,0.36273006134969327,0.3265715001252191,1304,473,831,-0.5635343152839832,3,INT,0.23243243243243245,0.4244126659856997,0.11555523189039102,0.3246445497630332,0.2054794520547945,1.1400236544397662e-05,0.0033205296229848738,0.22534319138284079,0.2818444625979311,16.0
ags9_Min_CMaxC_Days,13.500 <= ags9_Min_CMaxC_Days,0.17905405405405406,0.14825945404457802,592,106,486,-1.5227687921539408,4,INT,0.052088452088452086,0.24821246169560776,0.30591945360703454,0.18838862559241706,0.07397260273972603,0.009606907243875867,0.007663490009526609,0.22534319138284079,0.2818444625979311,22.0
agr12_Mean_CMaxI_Days,11.708 <= agr12_Mean_CMaxI_Days < 12.208,0.8148148148148148,0.027047332832456798,108,88,20,1.4816006772997063,0,INT,0.043243243243243246,0.010214504596527068,0.04741604755624952,0.026066350710900472,0.0273972602739726,3.6104597727755806e-05,0.007210943565218699,0.442898202126668,0.6561982762456935,4.0
agr12_Mean_CMaxI_Days,agr12_Mean_CMaxI_Days < 11.708,0.7049180327868853,0.015276734284998747,61,43,18,0.8708251278359654,1,INT,0.02113022113022113,0.009193054136874362,0.009861991231159481,0.016587677725118485,0.03561643835616438,0.00010725481125923053,0.007535517968740491,0.442898202126668,0.6561982762456935,12.0
agr12_Mean_CMaxI_Days,12.208 <= agr12_Mean_CMaxI_Days < 13.125,0.671957671957672,0.0946656649135988,378,254,124,0.7170522886629218,2,INT,0.12481572481572481,0.06332992849846783,0.041669139368054095,0.06753554502369669,0.0958904109589041,0.009150270501089349,0.007618667568197582,0.442898202126668,0.6561982762456935,14.0
agr12_Mean_CMaxI_Days,13.125 <= agr12_Mean_CMaxI_Days,0.5124378109452736,0.05033809166040571,201,103,98,0.0497614600247364,3,INT,0.050614250614250615,0.05005107252298264,6.289036680017176e-06,0.030805687203791468,0.043835616438356165,0.009567097836401748,0.0009726096079478529,0.442898202126668,0.6561982762456935,22.0
agr12_Mean_CMaxI_Days,agr12_Mean_CMaxI_Days = Missing,0.47673343605547,0.8126721763085399,3245,1547,1698,-0.09313351054980086,4,INT,0.7601965601965602,0.8672114402451481,0.014092742498520704,0.8590047393364929,0.7972602739726027,0.0025686773834121372,0.0017641603645798974,0.442898202126668,0.6561982762456935,24.0
agr12_Max_CMaxI_Days,agr12_Max_CMaxI_Days < 15,0.6896551724137931,0.007262709742048585,29,20,9,0.7985015851558885,0,INT,0.009828009828009828,0.004596527068437181,0.003915956965783265,0.004739336492890996,0.005479452054794521,0.0010589346270979652,0.0025059410585540906,-1.2735266946337762,-1.0169130844034096,4.0
agr12_Max_CMaxI_Days,15.000 <= agr12_Max_CMaxI_Days,0.650904033379694,0.18006511394941146,719,468,251,0.6230151720547585,1,INT,0.22997542997542997,0.12819203268641471,0.05945148295993083,0.1362559241706161,0.19726027397260273,0.012205466920812815,0.005017731255505335,-1.2735266946337762,-1.0169130844034096,-3.0
agr12_Max_CMaxI_Days,agr12_Max_CMaxI_Days = Missing,0.47673343605547,0.8126721763085399,3245,1547,1698,-0.09313351054980086,2,INT,0.7601965601965602,0.8672114402451481,0.014092742498520704,0.8590047393364929,0.7972602739726027,0.0025686773834121372,0.0017641603645798974,-1.2735266946337762,-1.0169130844034096,-29.0
ags12_Max_CMaxI_Days,14.500 <= ags12_Max_CMaxI_Days,0.6642599277978339,0.41622839969947406,1662,1104,558,0.6823361758239823,0,INT,0.5425061425061425,0.2849846782431052,0.16574016232579972,0.3293838862559242,0.4657534246575342,0.02031700661817663,0.011705762341757768,-0.3232727621000167,-0.2205807002393814,4.0
ags12_Max_CMaxI_Days,13.5 <= ags12_Max_CMaxI_Days < 14.5,0.6445783132530121,0.04157275231655397,166,107,59,0.5952906302213714,1,INT,0.05257985257985258,0.03013278855975485,0.012464989986941325,0.031990521327014215,0.04657534246575343,0.002503710403112756,0.0007266481116340113,-0.3232727621000167,-0.2205807002393814,3.0
ags12_Max_CMaxI_Days,ags12_Max_CMaxI_Days < 13.5,0.5614035087719298,0.028549962434259956,114,64,50,0.246859640432305,2,INT,0.03144963144963145,0.02553626149131767,0.0012273441424031067,0.024881516587677725,0.03287671232876712,0.0005026354717571088,6.31336555075008e-05,-0.3232727621000167,-0.2205807002393814,-0.0
ags12_Max_CMaxI_Days,ags12_Max_CMaxI_Days = Missing,0.3705509507557289,0.513648885549712,2051,760,1291,-0.5298539034466578,3,INT,0.37346437346437344,0.6593462717058223,0.1624695870197805,0.6137440758293838,0.4547945205479452,0.01781757959179634,0.016020024216485337,-0.3232727621000167,-0.2205807002393814,-8.0
agr12_Min_CMaxI_Days,agr12_Min_CMaxI_Days < 5.5,0.7580645161290323,0.01552717255196594,62,47,15,1.142092861620715,0,INT,0.023095823095823097,0.007660878447395302,0.0168993611643904,0.018957345971563982,0.03287671232876712,0.0006806884611282983,0.003441204408436531,0.012538309737554508,0.014319914048050506,4.0
agr12_Min_CMaxI_Days,5.5 <= agr12_Min_CMaxI_Days < 9.5,0.6931818181818182,0.11019283746556474,440,305,135,0.8150365852973144,1,INT,0.14987714987714987,0.06894790602655772,0.06277538964786972,0.08649289099526067,0.12876712328767123,0.005733521035914149,0.003202414822089731,0.012538309737554508,0.014319914048050506,4.0
agr12_Min_CMaxI_Days,9.5 <= agr12_Min_CMaxI_Days < 10.5,0.5743243243243243,0.037064863511144505,148,85,63,0.2995161192683524,2,INT,0.04176904176904177,0.032175689479060264,0.002496501040286024,0.02132701421800948,0.024657534246575342,0.008667011649368827,0.008990674162451489,0.012538309737554508,0.014319914048050506,4.0
agr12_Min_CMaxI_Days,10.500 <= agr12_Min_CMaxI_Days,0.5204081632653061,0.024542950162784873,98,51,47,0.08167786413934763,3,INT,0.02506142506142506,0.02400408580183861,4.539232376771058e-05,0.014218009478672985,0.01643835616438356,0.005606161056323168,0.003618496426578934,0.012538309737554508,0.014319914048050506,4.0
agr12_Min_CMaxI_Days,agr12_Min_CMaxI_Days = Missing,0.47673343605547,0.8126721763085399,3245,1547,1698,-0.09313351054980086,4,INT,0.7601965601965602,0.8672114402451481,0.014092742498520704,0.8590047393364929,0.7972602739726027,0.0025686773834121372,0.0017641603645798974,0.012538309737554508,0.014319914048050506,4.0
ags12_Min_CMaxI_Days,6.5 <= ags12_Min_CMaxI_Days < 9.5,0.6936488169364882,0.20110192837465565,803,557,246,0.8172334770241363,0,INT,0.2737100737100737,0.12563840653728295,0.11523397556438154,0.16350710900473933,0.2328767123287671,0.007776155512661148,0.006594432815319804,-0.10528322384677001,-0.08604097509660631,4.0
ags12_Min_CMaxI_Days,12.500 <= ags12_Min_CMaxI_Days,0.6756756756756757,0.04633107938893063,185,125,60,0.7339683084146026,1,INT,0.06142506142506143,0.030643513789581207,0.021355177519766576,0.027251184834123223,0.03561643835616438,0.010097255739522061,0.014035595199381568,-0.10528322384677001,-0.08604097509660631,4.0
ags12_Min_CMaxI_Days,ags12_Min_CMaxI_Days < 6.5,0.6607142857142857,0.05609817180065114,224,148,76,0.6664782933646234,2,INT,0.07272727272727272,0.03881511746680286,0.021253009214226848,0.052132701421800945,0.09041095890410959,0.00029017513245991434,0.0038440872311017575,-0.10528322384677001,-0.08604097509660631,3.0
ags12_Min_CMaxI_Days,9.5 <= ags12_Min_CMaxI_Days < 12.5,0.6095890410958904,0.18281993488605058,730,445,285,0.44558497573953415,3,INT,0.21867321867321868,0.14555669050051073,0.029742578541715768,0.14336492890995262,0.1863013698630137,0.0095859067904108,0.005183814565050598,-0.10528322384677001,-0.08604097509660631,3.0
ags12_Min_CMaxI_Days,ags12_Min_CMaxI_Days = Missing,0.3705509507557289,0.513648885549712,2051,760,1291,-0.5298539034466578,4,INT,0.37346437346437344,0.6593462717058223,0.1624695870197805,0.6137440758293838,0.4547945205479452,0.01781757959179634,0.016020024216485337,-0.10528322384677001,-0.08604097509660631,-0.0
ags12_Mean_CMaxI_Due,0.437 <= ags12_Mean_CMaxI_Due,0.7959183673469388,0.024542950162784873,98,78,20,1.360972835198561,0,INT,0.03832923832923833,0.010214504596527068,0.03697839461638394,0.005924170616113744,0.005479452054794521,0.02622848047199051,0.0633911527351498,0.016983424752336912,0.023113979736569385,4.0
ags12_Mean_CMaxI_Due,0.174 <= ags12_Mean_CMaxI_Due < 0.437,0.75,0.026045579764588028,104,78,26,1.0986097245721202,1,INT,0.03832923832923833,0.013278855975485188,0.02643173649529726,0.008293838862559242,0.01643835616438356,0.020169211577055066,0.018456997074759673,0.016983424752336912,0.023113979736569385,4.0
ags12_Mean_CMaxI_Due,0.042 <= ags12_Mean_CMaxI_Due < 0.174,0.7338709677419355,0.03105434510393188,124,91,33,1.014350013652426,2,INT,0.04471744471744472,0.016853932584269662,0.027086054299136148,0.011848341232227487,0.019178082191780823,0.018406290175194406,0.021545737719662117,0.016983424752336912,0.023113979736569385,4.0
ags12_Mean_CMaxI_Due,ags12_Mean_CMaxI_Due < 0.042,0.6368128474366893,0.4054595542198848,1619,1031,588,0.5615574630435259,3,INT,0.5066339066339066,0.3003064351378958,0.10787825353444196,0.3613744075829384,0.5041095890410959,0.00507316371071604,1.260642672934539e-05,0.016983424752336912,0.023113979736569385,4.0
ags12_Mean_CMaxI_Due,ags12_Mean_CMaxI_Due = Missing,0.36962890625,0.5128975707488104,2048,757,1291,-0.533809082768137,4,INT,0.371990171990172,0.6593462717058223,0.16444363090146216,0.6125592417061612,0.4547945205479452,0.017693712342079573,0.016637823633277416,0.016983424752336912,0.023113979736569385,5.0
agr12_Max_CMaxI_Due,0.500 <= agr12_Max_CMaxI_Due,0.7727272727272727,0.049586776859504134,198,153,45,1.2237738629969201,0,INT,0.07518427518427519,0.022982635342185902,0.0617122913735842,0.015402843601895734,0.0273972602739726,0.03981455258335786,0.04813036034961542,-0.457623853255705,-0.5600281106982699,4.0
agr12_Max_CMaxI_Due,agr12_Max_CMaxI_Due < 0.5,0.6551724137931034,0.16704232406711744,667,437,230,0.6418536802228063,1,INT,0.21474201474201474,0.11746680286006128,0.05864685908578123,0.13744075829383887,0.19726027397260273,0.005770096819643113,0.001483711744091596,-0.457623853255705,-0.5600281106982699,-4.0
agr12_Max_CMaxI_Due,agr12_Max_CMaxI_Due = Missing,0.46195652173913043,0.7833708990733784,3128,1445,1683,-0.15246858385782833,2,INT,0.7100737100737101,0.8595505617977528,0.028552527259403878,0.8471563981042654,0.7753424657534247,0.004992455492235539,0.0057387023321937665,-0.457623853255705,-0.5600281106982699,-14.0
agr12_Min_CMaxI_Due,0.000 <= agr12_Min_CMaxI_Due,0.6820809248554913,0.21662910092662158,865,590,275,0.7633512450884075,0,INT,0.28992628992628994,0.1404494382022472,0.10828286600549493,0.1528436018957346,0.22465753424657534,0.022234282434211286,0.016640228677222122,1.8237387756377383,1.3921532650990753,4.0
agr12_Min_CMaxI_Due,agr12_Min_CMaxI_Due = Missing,0.46195652173913043,0.7833708990733784,3128,1445,1683,-0.15246858385782833,1,INT,0.7100737100737101,0.8595505617977528,0.028552527259403878,0.8471563981042654,0.7753424657534247,0.004992455492235539,0.0057387023321937665,1.8237387756377383,1.3921532650990753,52.0
agr12_Mean_CMaxC_Days,agr12_Mean_CMaxC_Days < 14.375,0.741871921182266,0.2541948409717005,1015,753,262,1.0557204751615963,0,INT,0.37002457002457,0.1338100102145046,0.24015263822863325,0.283175355450237,0.473972602739726,0.00312772280774244,0.025729305994020693,0.3171391190921079,0.33481026150025023,4.0
agr12_Mean_CMaxC_Days,14.375 <= agr12_Mean_CMaxC_Days < 14.542,0.5658914728682171,0.032306536438767845,129,73,56,0.2651073345626259,1,INT,0.03587223587223587,0.028600612870275793,0.0016421429017757431,0.027251184834123223,0.021917808219178082,0.0008573891249132626,0.006850170271112078,0.3171391190921079,0.33481026150025023,11.0
agr12_Mean_CMaxC_Days,agr12_Mean_CMaxC_Days = Missing,0.5283198476915755,0.5261707988980716,2101,1110,991,0.1134007491583095,2,INT,0.5454545454545454,0.5061287027579162,0.002942133152949793,0.46208530805687204,0.4246575342465753,0.008321500774844625,0.030233594603929617,0.3171391190921079,0.33481026150025023,12.0
agr12_Mean_CMaxC_Days,14.542 <= agr12_Mean_CMaxC_Days < 14.708,0.2616822429906542,0.053593789130979216,214,56,158,-1.0372421894903183,3,INT,0.027518427518427518,0.08069458631256383,0.05708071123499456,0.05924170616113744,0.038356164383561646,0.0005648765943641089,0.0035876788014858464,0.3171391190921079,0.33481026150025023,23.0
agr12_Mean_CMaxC_Days,14.708 <= agr12_Mean_CMaxC_Days,0.08052434456928839,0.13373403456048083,534,43,491,-2.435241890188234,4,INT,0.02113022113022113,0.2507660878447395,0.5670843010250456,0.16824644549763032,0.0410958904109589,0.007917959745103448,0.013235497975966622,0.3171391190921079,0.33481026150025023,36.0
agr12_Mean_CMaxA_Days,agr12_Mean_CMaxA_Days < 14.375,0.7678437265214124,0.3333333333333333,1331,1022,309,1.1961752680887145,0,INT,0.5022113022113022,0.15781409601634322,0.39852572328902974,0.32701421800947866,0.5342465753424658,0.00012090707655387038,0.001980567771461504,0.007813001849981693,0.009345719582479473,4.0
agr12_Mean_CMaxA_Days,14.375 <= agr12_Mean_CMaxA_Days < 14.542,0.6612903225806451,0.04658151765589782,186,123,63,0.6690488546883568,1,INT,0.06044226044226044,0.032175689479060264,0.017780445993432484,0.04265402843601896,0.0547945205479452,0.000345166979406739,0.0005530724666694201,0.007813001849981693,0.009345719582479473,4.0
agr12_Mean_CMaxA_Days,agr12_Mean_CMaxA_Days = Missing,0.4404984423676013,0.4019534184823441,1605,707,898,-0.23913937232148955,2,INT,0.34742014742014743,0.4586312563840654,0.030876863483086395,0.3815165876777251,0.3013698630136986,0.0010661599155347748,0.006546167068624835,0.007813001849981693,0.009345719582479473,4.0
agr12_Mean_CMaxA_Days,14.542 <= agr12_Mean_CMaxA_Days < 14.708,0.38996138996138996,0.06486351114450288,259,101,158,-0.4474741589983797,3,INT,0.04963144963144963,0.08069458631256383,0.015074084126925617,0.06872037914691943,0.0547945205479452,0.00022244163903405517,0.000509987561637943,0.007813001849981693,0.009345719582479473,4.0
agr12_Mean_CMaxA_Days,14.708 <= agr12_Mean_CMaxA_Days,0.13398692810457516,0.15326821938392185,612,82,530,-1.8661567284496903,4,INT,0.040294840294840296,0.27068437180796734,0.4383439071193336,0.18009478672985782,0.0547945205479452,0.004324354708772134,0.004447218307713797,0.007813001849981693,0.009345719582479473,4.0
ags12_Min_CMaxA_Days,ags12_Min_CMaxA_Days < 8.5,0.7946666666666666,0.09391435011269722,375,298,77,1.3532871015216785,0,INT,0.14643734643734643,0.03932584269662921,0.14062228167671673,0.06279620853080568,0.08493150684931507,0.012508296337239332,0.03347507377083807,0.025546096912659806,0.03457120344612529,4.0
ags12_Min_CMaxA_Days,8.5 <= ags12_Min_CMaxA_Days < 12.5,0.728494623655914,0.37265214124718254,1488,1084,404,0.9869981487646379,1,INT,0.5326781326781327,0.20633299284984677,0.3094173583731202,0.36729857819905215,0.5863013698630137,7.744675885305875e-05,0.005142436835784885,0.025546096912659806,0.03457120344612529,4.0
ags12_Min_CMaxA_Days,12.5 <= ags12_Min_CMaxA_Days < 13.5,0.4521072796934866,0.13072877535687452,522,236,286,-0.1921599317158072,2,INT,0.11597051597051597,0.14606741573033707,0.00693898305375408,0.11848341232227488,0.1178082191780822,0.0012033860573753506,2.8867773153510154e-05,0.025546096912659806,0.03457120344612529,5.0
ags12_Min_CMaxA_Days,ags12_Min_CMaxA_Days = Missing,0.2946341463414634,0.2566992236413724,1025,302,723,-0.8729820119706989,3,INT,0.1484029484029484,0.36925434116445355,0.2012291097753662,0.28080568720379145,0.1589041095890411,0.0021629387425162955,0.0007174943136592325,0.025546096912659806,0.03457120344612529,5.0
ags12_Min_CMaxA_Days,13.500 <= ags12_Min_CMaxA_Days,0.19725557461406518,0.14600550964187328,583,115,468,-1.403535511664748,4,INT,0.056511056511056514,0.2390194075587334,0.2629504999845562,0.17061611374407584,0.052054794520547946,0.0038312064219899345,0.0003653608837971014,0.025546096912659806,0.03457120344612529,6.0
agr12_Max_CMaxA_Due,1.500 <= agr12_Max_CMaxA_Due,0.7274011299435028,0.17731029301277235,708,515,193,0.9814763877990083,0,INT,0.25307125307125306,0.09856996935648621,0.14558432108264915,0.19194312796208532,0.31232876712328766,0.0011597236060790677,0.012462468439630447,0.054346374815466135,0.0533396836438547,4.0
agr12_Max_CMaxA_Due,0.5 <= agr12_Max_CMaxA_Due < 1.5,0.5464445868033312,0.39093413473578764,1561,853,708,0.18631542978831891,1,INT,0.41916461916461917,0.3615934627170582,0.008503559457913925,0.35308056872037913,0.37534246575342467,0.003854076155345273,0.00483783561971151,0.054346374815466135,0.0533396836438547,5.0
agr12_Max_CMaxA_Due,agr12_Max_CMaxA_Due < 0.5,0.4260869565217391,0.08640120210368145,345,147,198,-0.297834268694299,2,INT,0.07223587223587223,0.10112359550561797,0.009706613656563366,0.11492890995260663,0.0821917808219178,0.008131114969585261,0.0012838250639763478,0.054346374815466135,0.0533396836438547,6.0
agr12_Max_CMaxA_Due,agr12_Max_CMaxA_Due = Missing,0.3770848440899202,0.3453543701477586,1379,520,859,-0.5019400345155371,3,INT,0.25552825552825553,0.43871297242083757,0.09898368391654781,0.3400473933649289,0.23013698630136986,8.216013025072211e-05,0.002656310387776143,0.054346374815466135,0.0533396836438547,6.0
ags12_Max_CMaxA_Due,1.5 <= ags12_Max_CMaxA_Due < 2.5,0.7265973254086181,0.1685449536689206,673,489,184,0.9774263928867297,0,INT,0.2402948402948403,0.09397344228804903,0.13727975419432245,0.17654028436018956,0.29041095890410956,0.0003703415890394492,0.009489916074299888,0.3247078065341774,0.3173779800828631,4.0
ags12_Max_CMaxA_Due,2.500 <= ags12_Max_CMaxA_Due,0.6237113402061856,0.04858502379163536,194,121,73,0.505330561032214,1,INT,0.05945945945945946,0.0372829417773238,0.010328948936604758,0.024881516587677725,0.030136986301369864,0.015815815512074043,0.019877975646370512,0.3247078065341774,0.3173779800828631,8.0
ags12_Max_CMaxA_Due,0.5 <= ags12_Max_CMaxA_Due < 1.5,0.5531000613873542,0.40796393688955673,1629,901,728,0.21320418303680916,2,INT,0.44275184275184276,0.3718079673135853,0.012386009584491653,0.36729857819905215,0.3917808219178082,0.004268909763961894,0.006232609281454881,0.3247078065341774,0.3173779800828631,11.0
ags12_Max_CMaxA_Due,ags12_Max_CMaxA_Due < 0.5,0.4742857142857143,0.13148009015777612,525,249,276,-0.10294792996487213,3,INT,0.12235872235872236,0.14096016343207354,0.0026304758675342915,0.15402843601895735,0.12876712328767123,0.0035664839981422846,0.0003268784879903156,0.3247078065341774,0.3173779800828631,14.0
ags12_Max_CMaxA_Due,ags12_Max_CMaxA_Due = Missing,0.2829218106995885,0.2434259954921112,972,275,697,-0.9300140929296679,4,INT,0.13513513513513514,0.3559754851889683,0.21380166906821282,0.2772511848341232,0.1589041095890411,0.004399331997154227,0.003848554526739928,0.3247078065341774,0.3173779800828631,22.0
agr12_Min_CMaxA_Due,0.000 <= agr12_Min_CMaxA_Due,0.5795715378729915,0.6546456298522414,2614,1515,1099,0.32101473855463997,0,INT,0.7444717444717445,0.5612870275791624,0.05173111804601227,0.659952606635071,0.7698630136986301,4.28417908441356e-05,0.0008514521869863922,-0.9491626455283841,-0.30469519850012466,4.0
agr12_Min_CMaxA_Due,agr12_Min_CMaxA_Due = Missing,0.3770848440899202,0.3453543701477586,1379,520,859,-0.5019400345155371,1,INT,0.25552825552825553,0.43871297242083757,0.09898368391654781,0.3400473933649289,0.23013698630136986,8.216013025072211e-05,0.002656310387776143,-0.9491626455283841,-0.30469519850012466,-19.0
ags12_Min_CMaxA_Due,0.000 <= ags12_Min_CMaxA_Due,0.5825885468387951,0.7565740045078888,3021,1760,1261,0.3334087295833201,0,INT,0.8648648648648649,0.6440245148110316,0.06510303602819519,0.7227488151658767,0.8410958904109589,0.0015469079925189973,0.0006623065247883343,-0.15940737496654234,-0.05314781037380682,4.0
ags12_Min_CMaxA_Due,ags12_Min_CMaxA_Due = Missing,0.2829218106995885,0.2434259954921112,972,275,697,-0.9300140929296679,1,INT,0.13513513513513514,0.3559754851889683,0.21380166906821282,0.2772511848341232,0.1589041095890411,0.004399331997154227,0.003848554526739928,-0.15940737496654234,-0.05314781037380682,-2.0
act12_n_arrears_days,0.500 <= act12_n_arrears_days,0.6363636363636364,0.049586776859504134,198,126,72,0.559615192697977,0,INT,0.06191646191646192,0.03677221654749745,0.013073537564499943,0.06279620853080568,0.08767123287671233,0.0031140844908592786,0.008945506035287177,1.4021529819430738,0.7846661111821163,4.0
act12_n_arrears_days,act12_n_arrears_days < 0.5,0.5761589403973509,0.7185073879288756,2869,1653,1216,0.3070250135541391,1,INT,0.8122850122850123,0.6210418794688458,0.05133249788979373,0.6623222748815166,0.7534246575342466,0.0045741382424277265,0.004427042631853898,1.4021529819430738,0.7846661111821163,14.0
act12_n_arrears_days,act12_n_arrears_days = Missing,0.27645788336933047,0.23190583521162034,926,256,670,-0.9621000265342458,2,INT,0.1257985257985258,0.3421859039836568,0.21642419275668326,0.27488151658767773,0.1589041095890411,0.007303345734603479,0.007728624889355929,1.4021529819430738,0.7846661111821163,65.0
